TotalPopulation,MedianHouseholdIncome,IncomePerCapita,PovertyRate,EmployedPersons,ProfessionalOccupationRate,ServiceOccupationRate,DrivingCommuteRate,WorkFromHomeRate,CrimeRate2016,ChildPovertyRate,CostOfLiving,ClusterID_k=1,ClusterID_k=2,ClusterID_k=3,ClusterID_k=4,ClusterID_k=5,ClusterID_k=6,ClusterID_k=7,ClusterID_k=8,ClusterID_k=9,ClusterID_k=10
15051,53051,27011,19.3,5433,27.4,20.2,82.6,3.5,27,32.1,62278,0,1,1,1,1,3,1,1,7,7
295685,75585,36704,9.1,144934,39.7,19.4,75.6,5.6,14,11.8,105670,0,0,0,3,0,2,2,5,4,4
50994,41549,22641,17.8,22217,27.4,18.5,82.4,4.2,25,26.0,64875,0,1,1,1,1,3,1,1,7,7
1498,33534,20566,24.5,651,26.0,29.2,69.5,1.6,8,35.8,60458,0,1,1,1,1,0,3,4,6,6
27751,42567,22433,17.1,10697,29.4,14.0,90.7,2.5,34,20.6,70044,0,1,1,1,3,3,1,1,7,7
274150,44106,19498,21.9,122985,23.2,21.3,78.0,3.5,3,33.5,63358,0,1,1,1,1,0,3,1,6,6
678467,60098,38991,15.1,374043,46.1,16.8,69.9,7.6,42,22.8,91535,0,0,0,3,0,2,2,3,4,8
132960,50916,27669,15.9,68771,31.8,18.4,82.1,3.2,29,18.2,69219,0,1,1,0,3,3,4,1,8,0
5524,43902,30841,16.5,2776,35.4,18.3,73.2,13.2,0,28.1,69282,0,0,0,0,2,4,0,6,0,5
104584,45498,24758,15.4,45737,25.7,18.1,86.5,2.7,6,24.7,60828,0,1,1,1,1,3,1,1,1,7
90414,93269,38933,5.8,44335,47.5,13.2,81.6,5.9,10,7.5,88697,0,0,0,3,0,2,2,5,4,4
13944,56314,32051,9.7,7418,29.2,15.4,73.7,6.0,9,13.3,64521,0,0,0,0,3,1,5,0,3,1
36602,43251,21520,15.0,15613,22.0,18.7,80.0,5.5,16,21.2,62489,0,1,1,1,1,3,1,1,1,6
7829,53536,27223,10.0,4194,29.3,17.2,82.3,5.6,6,11.1,80040,0,0,0,0,3,1,5,0,1,1
21101,59348,30974,7.8,10412,30.5,16.6,79.1,5.8,21,9.1,65311,0,0,0,0,3,1,5,0,3,1
195101,58334,29582,11.9,93603,32.4,17.1,84.1,3.4,21,17.9,75106,0,0,0,0,3,1,5,0,1,1
32478,39368,22031,21.9,13341,26.4,18.6,79.9,3.5,21,31.4,61145,0,1,1,1,1,0,3,1,7,7
162080,53816,27985,14.5,82049,32.2,18.4,84.1,4.8,12,18.7,71404,0,0,0,0,3,1,1,0,1,1
7527,45152,24605,16.6,2994,27.7,18.5,89.1,2.3,5,25.9,72142,0,1,1,1,1,3,1,1,1,7
13479,48422,27253,13.2,6122,34.0,21.0,79.1,6.6,15,19.5,81333,0,0,0,0,3,1,1,0,1,1
747,43854,25110,18.2,351,37.6,14.2,57.2,16.1,2,29.4,68004,0,0,0,0,2,4,0,6,0,5
12747,46182,25272,17.5,5330,29.2,13.2,81.1,1.2,26,22.4,66617,0,1,1,0,3,3,1,1,7,7
5821,64427,20676,8.1,2049,38.0,14.1,84.0,4.7,30,11.4,66852,0,0,0,0,3,1,5,0,3,1
29614,46211,23688,18.8,12120,26.1,22.5,75.2,4.8,10,35.4,73297,0,1,1,1,1,3,1,1,6,6
24170,48412,25838,11.1,10435,25.2,17.7,79.8,5.4,13,16.3,70583,0,1,1,0,3,3,1,0,1,1
1023811,73577,37315,10.1,536376,50.1,13.8,79.5,8.2,8,13.4,82908,0,0,0,3,0,2,2,5,4,4
73742,39305,20526,30.4,32662,32.9,21.8,79.2,4.5,24,32.6,61950,0,1,1,1,1,0,3,4,5,3
46113,39830,19252,24.4,16338,31.2,20.6,84.5,2.3,14,40.8,65979,0,1,1,1,1,0,3,4,7,3
33122,47128,22252,19.3,12825,26.9,22.1,85.2,1.8,43,28.9,70224,0,1,1,1,1,3,4,1,7,0
84514,40705,24349,18.6,30300,30.2,21.9,81.0,5.6,31,25.4,87035,0,1,1,1,1,3,4,1,6,0
445551,58595,31879,13.3,219548,33.8,20.9,77.8,4.3,28,16.9,81643,0,0,0,0,3,1,4,3,8,8
15904,50897,21305,11.9,6715,29.0,15.5,79.9,2.9,10,17.4,68118,0,1,1,0,3,3,1,0,1,1
9448,49556,29470,12.2,4751,30.0,14.9,76.9,5.5,5,17.5,64426,0,0,0,0,3,1,5,0,1,1
1257401,46720,30441,18.3,587730,39.6,18.3,79.8,4.0,33,26.9,66328,0,1,1,0,3,3,4,3,8,0
529402,74862,33486,10.4,262971,34.6,16.7,80.5,5.0,13,15.9,79487,0,0,0,3,3,1,5,3,3,8
49737,70662,32713,5.9,27483,34.9,12.4,86.7,4.2,10,8.4,71887,0,0,0,0,3,1,5,0,3,1
3404,62448,24805,6.5,1638,35.8,14.7,80.0,7.7,3,5.7,71135,0,0,0,0,3,1,5,0,3,1
19889,58167,22656,11.0,8134,28.6,11.8,74.9,2.1,12,11.6,63417,0,0,0,0,3,1,5,0,1,1
6840,50195,31427,9.3,3458,37.3,17.2,75.9,9.7,7,10.5,66073,0,0,0,0,2,1,5,0,3,1
127751,55190,33245,11.3,63947,37.7,21.5,77.8,5.6,22,15.0,86527,0,0,0,3,3,1,4,3,8,8
207027,46426,19765,17.1,88055,26.5,19.2,78.1,6.6,19,21.1,73152,0,1,1,0,1,3,1,1,6,6
20473,54467,26405,12.0,8612,32.4,20.4,76.5,2.7,22,14.9,64022,0,1,1,0,3,3,1,0,1,1
10044,34470,20717,21.8,3671,32.0,19.4,91.3,0.6,18,31.9,65775,0,1,1,1,1,0,3,4,7,7
34130,32396,20839,24.5,13263,25.2,20.5,85.7,2.8,3,34.9,67154,0,1,1,1,1,0,3,4,7,7
34843,51601,26541,11.8,15488,33.0,17.6,79.8,4.0,19,14.2,71230,0,0,0,0,3,1,5,0,1,1
2140,26750,18921,22.8,729,13.7,18.7,73.0,1.9,18,46.1,61657,0,1,1,1,1,0,3,4,5,3
38697,43310,24166,22.5,19118,43.8,17.4,66.6,4.1,17,20.0,68346,0,1,1,0,3,3,1,1,8,0
17940,32616,18171,23.0,6577,21.2,25.4,80.4,5.7,17,28.4,59651,0,1,1,1,1,0,3,4,6,6
204281,43253,20600,19.7,74891,24.9,23.0,80.7,3.0,3,28.2,67537,0,1,1,1,1,3,1,1,6,6
672391,77649,50832,17.4,357701,61.7,15.3,34.0,5.7,61,25.5,120290,0,0,0,3,0,2,2,7,4,9
2457,60225,34455,6.9,1276,37.6,16.5,57.3,10.8,9,7.0,67271,0,0,0,3,2,4,0,6,0,5
17077,37844,21589,21.3,7139,35.6,18.6,80.1,2.9,28,36.1,67152,0,1,1,1,1,0,3,4,7,7
6331,48550,24102,11.4,2730,34.1,20.8,77.2,4.8,10,14.4,64983,0,1,1,0,3,1,1,0,1,1
434981,72950,31934,11.5,196309,32.7,20.4,76.6,4.1,31,16.6,95070,0,0,0,3,0,2,4,3,8,8
10919,27012,15774,31.9,2901,24.4,21.0,88.8,2.4,18,41.9,60633,0,1,1,1,1,0,3,4,5,3
12802,58535,26118,13.0,6166,25.8,18.6,86.7,2.7,11,18.9,75779,0,1,1,0,3,3,1,0,1,1
166778,62731,28908,11.3,70810,37.7,15.9,83.2,5.1,11,16.1,75591,0,0,0,0,3,1,5,0,3,1
39713,36554,21043,21.9,14623,23.3,23.7,80.6,5.9,26,35.6,63765,0,1,1,1,1,0,3,4,6,6
15510,62829,31885,8.9,7046,36.1,14.4,86.7,5.9,11,13.6,72706,0,0,0,0,3,1,5,0,3,1
9229,48909,28706,11.8,4328,30.3,15.2,75.2,6.6,7,16.0,65982,0,0,0,0,3,1,5,0,1,1
5666,39931,24004,20.3,2243,34.1,17.7,79.9,3.5,12,28.9,70185,0,1,1,1,1,3,1,1,7,7
31507,39501,19314,23.0,12534,24.4,13.9,84.9,1.9,13,42.0,62435,0,1,1,1,1,0,3,4,7,7
28364,80441,33807,5.5,12939,41.3,14.6,83.9,7.9,7,5.0,80990,0,0,0,3,0,1,5,5,3,4
105105,72265,39273,9.8,50689,54.0,15.5,76.9,7.6,14,11.0,90203,0,0,0,3,0,2,2,5,4,4
6570,49632,26549,11.5,3136,25.1,13.9,84.9,4.3,15,18.5,61593,0,1,1,0,3,1,1,0,1,1
458809,44871,18962,27.1,173820,25.0,18.1,78.0,3.1,28,36.2,71063,0,1,1,1,1,0,3,4,7,3
38616,39269,21757,22.4,17382,31.1,20.0,77.1,3.5,27,24.2,71612,0,1,1,1,1,3,1,1,7,7
20940,39895,23050,18.6,6916,27.7,21.2,74.8,5.8,13,24.8,77055,0,1,1,1,1,3,1,1,6,6
15239,45891,26308,14.6,6535,29.1,20.4,78.4,7.0,24,21.3,72124,0,1,1,0,3,3,1,1,6,6
20771,36407,20703,21.3,7905,27.5,16.8,85.1,1.6,31,32.4,60000,0,1,1,1,1,0,3,4,7,7
72591,42771,22355,16.8,28738,29.9,23.4,82.5,1.7,12,22.9,69914,0,1,1,1,1,3,1,1,6,6
8045,46839,28109,16.3,3954,33.5,16.8,83.2,4.3,8,29.1,74486,0,1,1,0,3,3,1,1,1,1
23472,48162,20007,14.7,9889,27.1,14.1,79.1,3.4,16,18.2,67857,0,1,1,0,3,3,1,1,1,7
905161,78607,34391,9.3,476889,38.7,20.6,66.5,2.8,26,12.8,86112,0,0,0,3,0,2,2,5,4,8
17658,51385,28241,15.1,7009,30.5,32.7,62.1,9.2,19,17.5,76572,0,0,0,0,2,4,0,6,6,6
9661,47419,29396,13.8,4894,31.4,16.7,77.8,7.0,19,18.5,66634,0,0,0,0,3,1,5,0,1,1
27832,53038,25850,11.0,13703,27.3,15.9,88.8,4.1,11,15.5,66503,0,1,1,0,3,1,5,0,1,1
117582,54127,29495,14.4,62589,36.6,19.9,81.2,3.2,29,11.9,77765,0,0,0,0,3,1,4,3,8,0
56823,51969,28188,11.1,26553,26.3,19.0,84.0,2.8,18,15.4,68202,0,1,1,0,3,3,1,0,1,1
1123678,88456,42898,9.8,535401,43.0,18.0,68.1,6.3,29,12.4,118776,0,0,0,3,0,2,2,5,4,4
6227,41648,24837,12.4,2773,28.4,19.5,83.7,4.0,17,15.7,65491,0,1,1,0,3,3,1,1,1,1
3027,45273,19815,11.5,1307,32.4,10.9,85.7,2.9,7,9.2,61064,0,1,1,0,3,1,5,0,1,1
7667,47602,21513,11.6,2993,25.5,13.3,79.8,7.7,14,18.7,68122,0,1,1,0,3,1,1,0,1,1
34883,68589,29880,14.1,15250,37.6,17.0,85.3,2.6,14,17.0,82006,0,0,0,0,3,1,5,0,3,1
141373,40574,25034,17.4,45294,28.2,23.5,81.7,5.8,14,30.6,68253,0,1,1,1,1,3,1,1,6,6
68699,51584,30903,12.5,30098,35.1,20.3,79.5,5.0,15,18.0,75491,0,0,0,0,3,1,5,0,1,1
18745,50276,26372,11.4,8961,27.5,14.4,80.8,5.5,11,15.9,68048,0,0,0,0,3,1,5,0,1,1
321184,65702,33870,13.9,149076,41.1,17.6,80.9,3.7,27,19.7,72605,0,0,0,0,3,1,4,3,8,8
211300,96445,39896,6.5,103649,51.1,11.3,77.6,10.9,7,7.7,87814,0,0,0,3,0,2,2,5,4,4
10616,54876,23393,8.2,5305,24.5,8.9,69.9,6.6,3,9.2,71420,0,0,0,0,3,1,5,0,3,1
25625,39756,21657,18.1,10114,28.4,20.4,85.7,4.0,19,24.6,62141,0,1,1,1,1,3,1,1,7,7
45237,52050,27497,12.6,20287,31.7,19.9,81.8,4.4,10,18.6,65698,0,1,1,0,3,1,1,0,1,1
59559,50370,25219,13.6,28434,25.3,16.7,85.7,2.8,24,19.2,60023,0,1,1,0,3,3,1,1,1,7
6752,39375,20775,21.0,2663,23.2,24.1,75.1,2.2,9,34.1,61183,0,1,1,1,1,0,3,4,6,6
27840,48362,22901,13.9,13028,21.1,17.9,83.6,3.1,22,19.2,65261,0,1,1,0,3,3,1,1,1,7
957,44946,27183,9.0,502,42.8,13.7,75.8,9.0,8,5.2,80031,0,0,0,0,2,1,5,0,3,1
14037,36556,20255,22.6,5631,27.8,16.0,84.8,2.8,20,36.4,60716,0,1,1,1,1,0,3,4,7,7
157844,44281,25157,17.6,73906,33.0,17.4,85.1,2.9,25,26.1,68124,0,1,1,1,1,3,1,1,7,7
24359,67472,38111,10.7,14555,34.2,24.3,68.3,9.2,16,11.5,88075,0,0,0,3,2,2,2,5,4,8
54469,62533,34501,9.6,29184,40.1,18.4,73.8,6.8,21,9.0,81392,0,0,0,3,0,1,5,5,3,8
202924,52449,23817,13.8,94516,25.5,14.2,77.6,3.5,22,19.3,71093,0,1,1,0,3,3,1,0,1,1
51024,55431,30177,13.7,20363,27.4,19.8,83.7,4.8,18,25.0,65365,0,1,1,0,3,3,1,1,1,1
120288,53812,21752,15.2,56905,37.9,15.6,74.5,5.2,11,14.2,69759,0,0,0,0,3,1,5,0,1,1
2885,44190,31750,12.3,1149,30.2,18.3,66.5,18.1,30,10.6,62869,0,0,0,0,2,4,0,6,0,5
21140,57602,27413,11.7,9313,26.3,14.8,86.1,2.6,25,14.9,76430,0,0,0,0,3,1,5,0,1,1
12022,88328,39305,4.9,5908,50.1,11.7,87.1,5.2,15,4.8,85128,0,0,0,3,0,2,2,5,4,4
12140,50688,27973,8.9,6269,30.4,15.6,78.9,6.9,6,11.3,66532,0,0,0,0,3,1,5,0,3,1
9843,49409,20965,12.2,3982,24.2,22.9,78.1,5.8,11,15.9,69903,0,1,1,0,3,3,1,1,6,6
16339,28044,13594,27.7,4823,24.5,19.2,88.0,3.1,14,40.4,58576,0,1,1,1,1,0,3,4,5,3
13197,37385,20476,18.0,4052,27.8,16.0,75.8,5.3,13,26.9,71220,0,1,1,1,1,3,1,1,7,7
102623,52393,24931,14.2,46890,29.9,16.6,81.9,5.3,34,19.1,70937,0,1,1,0,3,3,4,1,8,0
16018,44647,21085,14.9,5896,29.4,28.0,71.1,6.5,18,19.6,69397,0,1,1,0,1,3,1,1,6,6
97031,62879,31554,10.4,47243,37.1,16.4,81.8,3.8,32,12.1,81933,0,0,0,0,3,1,5,3,8,8
3734,51286,27797,18.4,1696,29.6,13.5,79.0,8.6,18,29.1,71827,0,1,1,0,3,3,1,1,1,1
37097,39945,23056,18.5,15305,29.6,17.1,81.4,3.2,26,27.8,58757,0,1,1,1,1,3,1,1,7,7
287512,51110,27297,15.3,132190,30.8,17.8,83.6,3.5,4,23.4,65633,0,1,1,0,3,3,1,1,1,1
25027,61316,30686,9.1,13100,31.8,16.2,81.8,5.5,11,14.9,69562,0,0,0,0,3,1,5,0,3,1
18363,42182,19451,14.3,7796,24.8,17.0,80.6,4.4,28,17.9,62088,0,1,1,1,1,3,1,1,7,7
59901,37235,20446,24.6,22550,25.4,15.6,86.2,2.8,14,36.2,59820,0,1,1,1,1,0,3,4,7,7
11291,36773,23658,14.2,4376,23.3,23.5,80.2,6.0,19,23.7,73991,0,1,1,1,1,3,1,1,6,6
17957,53853,18654,27.0,6075,36.2,19.7,24.9,4.1,20,33.2,94171,0,0,0,3,2,4,0,6,0,5
12349,34647,19302,24.1,4615,21.1,15.9,76.4,1.0,23,29.8,70856,0,1,1,1,1,0,3,4,7,7
2136,41118,28700,14.5,856,33.6,32.0,76.3,7.9,14,23.2,73115,0,1,1,0,1,3,4,1,6,6
27548,24451,15457,35.6,7555,27.0,21.9,83.4,1.8,0,44.5,78937,0,1,1,1,1,0,3,4,5,3
3883,60824,36207,4.3,2124,30.2,12.1,73.5,8.5,5,3.7,66366,0,0,0,0,3,1,5,0,3,1
31819,49677,24296,13.4,14506,27.9,20.3,82.6,2.6,11,20.6,69236,0,1,1,0,3,3,1,1,1,6
63360,47897,25267,14.0,29785,31.4,19.1,82.4,3.4,41,20.2,64271,0,1,1,0,3,3,4,1,8,0
10509,35254,21148,26.4,3652,29.1,19.5,82.5,6.2,16,38.2,68967,0,1,1,1,1,0,3,4,7,3
5755,55295,32268,7.8,2621,36.4,17.6,74.3,8.2,8,4.0,75322,0,0,0,0,2,1,5,0,3,1
684,41607,27714,17.4,304,38.8,23.0,65.6,9.4,3,24.3,80408,0,0,0,0,2,4,0,6,0,5
3702,26346,12543,35.6,1083,17.8,38.4,78.9,9.8,5,51.5,64168,0,1,1,1,1,0,3,4,5,3
14817,54606,26921,21.5,6235,47.2,23.1,60.6,6.6,25,14.0,82897,0,0,0,3,2,4,0,6,0,8
251069,40391,25565,23.4,105583,33.1,21.5,86.4,2.4,24,35.7,71561,0,1,1,1,1,0,3,4,7,7
8650,52346,27095,21.5,3671,34.8,14.4,78.9,1.4,9,34.4,68669,0,1,1,1,1,3,1,1,7,7
57630,49357,25997,15.8,24768,32.0,18.7,81.3,4.6,19,18.5,75342,0,1,1,0,3,3,1,1,1,1
40755,30065,18248,31.9,14461,26.7,18.2,86.6,1.2,38,49.5,60234,0,1,1,1,1,0,3,4,5,3
619796,46641,28488,22.4,277954,42.1,20.7,60.0,3.8,73,32.9,70955,0,1,1,1,1,3,4,3,8,0
64927,38872,21217,21.5,24280,26.3,17.7,85.8,1.4,16,31.4,64888,0,1,1,1,1,0,3,1,7,7
9110,50470,27902,7.1,4819,33.3,19.6,78.6,2.7,10,10.6,64786,0,0,0,0,3,1,5,0,1,1
4349,68594,42438,10.6,2080,34.5,16.2,70.4,11.1,11,7.6,76159,0,0,0,3,2,4,5,5,3,5
3569,45428,26852,11.7,1792,35.3,14.3,80.9,5.6,0,9.1,72898,0,0,0,0,3,1,5,0,3,1
2107,42222,21062,10.8,999,40.1,12.5,76.4,5.8,8,10.7,83869,0,0,0,0,3,1,5,0,3,1
11607,44897,20946,17.4,4797,23.6,17.8,86.1,1.0,16,23.6,66746,0,1,1,1,1,3,1,1,7,7
54032,32929,18946,24.6,21693,24.1,20.4,82.5,2.1,36,37.0,68459,0,1,1,1,1,0,3,4,5,3
82248,49118,22723,14.4,38869,29.6,18.3,82.5,3.5,18,17.7,70944,0,1,1,0,3,3,1,1,1,1
156021,93973,38890,6.9,78635,42.2,17.0,81.4,3.7,19,9.5,95592,0,0,0,3,0,2,2,5,4,4
41328,52661,25374,12.4,19437,29.0,18.9,84.2,3.0,9,16.6,63554,0,1,1,0,3,3,1,0,1,1
35523,40483,23777,17.8,13947,33.1,21.4,80.3,3.4,15,24.2,76640,0,1,1,1,1,3,1,1,6,6
77125,45792,22714,18.2,30592,29.5,19.1,85.1,2.5,43,25.3,63477,0,1,1,1,1,3,4,1,7,0
9433,56753,29000,11.0,4779,35.3,15.9,80.0,6.7,0,12.6,80476,0,0,0,0,3,1,5,0,3,1
15794,55649,27844,11.4,7327,29.9,14.1,90.1,4.2,9,18.0,68585,0,0,0,0,3,1,5,0,1,1
7181,47321,23670,21.5,2919,27.9,21.8,80.6,4.6,9,17.7,68115,0,1,1,1,1,3,1,1,6,6
102014,54493,27755,15.9,49785,32.7,20.8,83.6,3.3,34,20.8,71790,0,1,1,0,3,3,4,3,8,0
10484,50120,24157,13.0,4679,22.9,17.1,76.1,1.1,16,14.7,61566,0,1,1,0,3,3,1,1,1,1
14711,53979,26166,12.1,6993,29.0,14.2,79.0,5.9,1,17.8,69166,0,0,0,0,3,1,5,0,1,1
13899,37106,19439,19.8,4664,28.9,19.8,81.2,5.4,15,26.8,69977,0,1,1,1,1,3,1,1,6,6
10994,36310,21575,26.4,4112,25.9,16.6,82.2,4.5,20,42.2,59658,0,1,1,1,1,0,3,4,7,3
27505,33921,16561,26.6,9731,23.2,17.5,83.7,1.8,49,39.1,56527,0,1,1,1,1,0,3,4,5,3
46452,46286,23568,13.5,20884,25.2,19.4,79.2,3.8,16,21.4,67227,0,1,1,0,3,3,1,1,1,6
122586,51164,29707,14.1,48982,29.0,21.5,79.2,6.7,7,23.7,65838,0,1,1,0,3,3,1,1,6,6
4251,47121,25941,14.5,2032,35.2,18.4,76.5,5.2,13,19.7,65465,0,1,1,0,3,3,1,0,1,1
21632,52223,27424,9.1,11118,33.3,15.4,78.9,4.8,24,10.5,73732,0,0,0,0,3,1,5,0,3,1
125963,70608,33367,9.2,58626,38.3,14.0,82.8,5.1,11,12.7,77770,0,0,0,0,3,1,5,0,3,1
5410,32860,20712,26.8,2104,21.3,14.2,87.9,3.1,15,37.2,79043,0,1,1,1,1,0,3,4,7,7
14238,36209,16109,26.6,3849,28.3,27.7,79.4,4.1,3,35.5,65518,0,1,1,1,1,0,3,4,6,6
49322,57153,30252,11.2,23012,34.9,20.1,83.6,2.6,11,15.2,68171,0,0,0,0,3,1,5,0,1,1
98622,43017,21936,19.8,40003,26.1,18.4,84.7,2.7,8,30.7,61442,0,1,1,1,1,3,1,1,7,7
44909,41336,24047,19.5,18686,35.2,18.6,79.7,2.0,0,25.3,81102,0,1,1,0,3,3,1,1,1,6
4505,41330,26032,15.7,1389,30.1,24.2,66.0,19.6,21,25.9,69595,0,0,0,0,2,4,0,6,0,5
6589,53034,27099,12.0,3144,34.1,18.2,79.1,7.1,0,19.4,65626,0,0,0,0,3,1,5,0,1,1
864263,96265,59508,11.7,504914,55.0,16.5,34.3,6.7,68,11.4,142391,0,0,0,3,0,2,2,7,4,9
16117,79131,29641,10.3,8326,36.7,15.4,70.9,5.0,11,16.5,103719,0,0,0,3,0,2,2,5,4,4
11132,35414,22596,20.3,4237,29.5,18.1,78.0,2.9,11,28.7,69739,0,1,1,1,1,3,1,1,7,7
14995,34679,20269,26.1,5252,27.6,18.3,90.4,1.9,17,37.7,65661,0,1,1,1,1,0,3,4,7,3
59607,57312,27166,9.3,27877,29.0,16.4,84.8,4.2,28,12.4,60056,0,0,0,0,3,1,5,0,1,1
8570,44437,21164,14.9,2843,25.4,18.5,77.2,2.6,13,13.6,75978,0,1,1,0,3,3,1,1,1,6
59862,52630,26651,14.4,26496,36.0,20.6,71.6,5.2,34,17.5,76809,0,0,0,0,3,3,4,3,8,0
49278,38558,20721,23.5,20282,29.4,18.4,82.1,3.4,11,37.0,67108,0,1,1,1,1,0,3,4,7,7
72315,39071,22533,17.6,30352,30.2,16.7,85.5,3.0,11,24.8,68823,0,1,1,1,1,3,1,1,7,7
931826,84442,42050,6.8,486850,45.5,13.0,77.4,6.0,14,9.0,95135,0,0,0,3,0,2,2,5,4,4
17236,56110,27074,11.8,8479,28.6,17.8,78.8,3.9,14,19.9,63997,0,1,1,0,3,1,1,0,1,1
24479,41768,22911,16.0,9527,28.9,17.8,80.8,4.7,20,25.5,62291,0,1,1,1,1,3,1,1,7,7
21745,26036,17264,33.7,6154,28.7,18.5,91.1,2.7,36,43.5,59041,0,1,1,1,1,0,3,4,5,3
22839,48447,23361,15.5,9679,23.8,18.0,77.5,3.0,11,18.1,72154,0,1,1,0,3,3,1,1,1,6
374985,80488,39734,8.2,170791,44.0,16.6,79.5,8.3,19,8.3,102424,0,0,0,3,0,2,2,5,4,4
6398,52917,28575,9.9,3286,37.6,14.7,79.1,6.3,14,9.9,65994,0,0,0,0,3,1,5,0,3,1
9257,68534,41257,6.8,5248,37.5,17.8,66.3,14.9,23,7.7,82771,0,0,0,3,2,4,0,6,0,5
18089,53681,25784,11.7,7887,29.4,20.4,85.3,3.6,12,15.7,69381,0,1,1,0,3,3,1,0,1,1
52880,46487,25190,13.6,22971,28.9,19.7,79.9,3.7,14,20.9,61655,0,1,1,0,3,3,1,1,1,6
18428,51456,27679,10.7,9622,32.4,18.3,72.3,4.2,20,11.7,65631,0,0,0,0,3,1,5,0,1,1
15566,38829,20908,20.8,5930,28.0,21.5,80.7,3.4,18,27.8,65067,0,1,1,1,1,3,1,1,6,6
43296,44225,23740,17.3,14551,24.3,23.2,72.9,5.1,18,26.7,65527,0,1,1,1,1,3,1,1,6,6
73439,48002,28857,17.1,28027,30.2,23.3,77.9,5.6,28,29.1,74551,0,1,1,1,1,3,4,1,6,0
38311,55295,26941,11.0,18654,25.9,16.1,86.8,2.6,14,16.4,62098,0,1,1,0,3,1,1,0,1,1
165707,47713,26222,16.7,70753,34.0,16.9,84.6,2.9,40,26.6,61226,0,1,1,1,1,3,4,1,7,0
8697,50998,26542,15.2,3856,24.7,16.7,82.1,4.9,2,25.1,68874,0,1,1,0,3,3,1,1,1,1
20378,60320,28767,9.2,10520,31.2,12.5,82.0,4.9,8,11.1,74519,0,0,0,0,3,1,5,0,3,1
50761,48698,28484,13.8,21475,30.3,24.1,78.8,4.5,20,23.3,63563,0,1,1,0,3,3,1,1,6,6
57961,65279,33336,11.0,25564,32.9,18.4,68.3,7.4,16,14.4,85686,0,0,0,3,2,1,5,5,3,8
13084,21663,14739,36.0,4353,25.5,26.9,87.4,1.8,56,47.4,61050,0,1,1,1,1,0,3,4,5,3
3817,65505,43144,8.6,1927,39.4,10.8,83.1,7.6,9,12.7,66112,0,0,0,3,3,1,5,0,3,1
325168,47343,20165,17.8,146390,24.8,25.9,81.4,3.5,11,26.7,65101,0,1,1,1,1,3,1,1,6,6
4974,58708,24647,16.6,1989,42.8,13.9,37.3,6.1,24,24.2,84670,0,0,0,3,2,4,0,6,0,5
51651,54071,29423,11.0,26033,26.6,18.7,83.3,4.4,22,17.3,68887,0,1,1,0,3,1,1,0,1,1
14654,51312,22744,14.4,5947,30.3,18.2,83.7,4.6,25,19.9,63728,0,1,1,0,3,3,1,1,1,7
298225,82271,38977,8.1,152751,40.0,17.4,75.8,3.8,64,11.5,90533,0,0,0,3,0,2,2,5,4,8
40022,41106,23463,20.1,15544,33.4,13.4,89.4,1.7,1,30.1,71809,0,1,1,1,1,3,1,1,7,7
81024,57331,29955,12.4,39722,40.7,14.4,85.1,2.7,31,18.2,75883,0,0,0,0,3,1,5,3,8,1
20575,60788,29052,8.0,11957,36.4,16.4,68.1,9.0,6,7.9,66788,0,0,0,0,2,4,5,6,3,5
13626,45018,24200,15.0,6060,23.9,18.1,78.3,5.7,3,17.4,62631,0,1,1,0,3,3,1,1,1,6
197591,59955,30775,11.5,85823,35.5,22.4,82.9,3.5,26,16.6,76581,0,0,0,0,3,1,4,3,8,8
5551,52284,30009,14.0,2583,35.5,16.9,78.7,7.9,8,25.6,73558,0,0,0,0,3,1,5,0,1,1
1420,64886,32885,11.6,669,45.3,9.6,77.7,7.4,15,6.1,65834,0,0,0,3,3,1,5,0,3,1
5942,50603,24411,14.5,2523,23.1,20.2,71.6,6.4,13,21.6,68051,0,1,1,0,3,3,1,1,6,6
7891,44643,22292,15.9,3289,24.7,14.4,85.8,4.0,23,22.7,63153,0,1,1,1,1,3,1,1,7,7
17190,35539,17587,24.2,6902,24.8,16.8,81.8,4.8,33,30.1,60623,0,1,1,1,1,0,3,4,7,7
22744,41370,21056,22.6,11535,29.9,25.1,79.0,3.3,14,24.1,66601,0,1,1,1,1,3,1,1,6,6
21993,39351,19780,22.8,9077,25.7,10.1,84.7,3.5,0,34.0,60181,0,1,1,1,1,0,1,1,7,7
95888,52671,27392,22.0,51305,46.7,17.3,72.8,5.0,17,9.0,74376,0,0,0,0,3,1,5,3,8,8
20369,52784,26345,13.7,10658,26.3,17.1,71.6,5.5,20,21.5,64227,0,1,1,0,3,3,1,1,1,1
302479,85619,43474,4.8,170757,43.6,13.4,83.8,6.6,30,5.7,62401,0,0,0,3,0,2,5,5,3,4
847834,81972,35771,10.3,410179,37.8,17.1,78.2,5.7,22,14.4,105247,0,0,0,3,0,2,2,5,4,4
2146,57900,33704,11.1,1039,32.5,22.0,38.1,10.3,0,24.6,78685,0,0,0,3,2,4,0,6,0,5
7568,41081,21951,21.2,2465,37.0,16.7,65.1,8.7,4,24.8,64974,0,1,1,0,2,4,0,6,0,5
17289,38834,17755,25.2,5774,23.0,19.1,78.0,3.2,8,37.7,62577,0,1,1,1,1,0,3,4,7,3
14345,41266,20633,22.1,5320,28.5,18.1,79.6,4.8,16,33.6,74944,0,1,1,1,1,3,1,1,7,7
281870,57482,29311,12.8,136891,37.0,15.0,83.9,3.9,27,18.7,69201,0,0,0,0,3,1,5,3,8,1
33552,55884,28525,12.7,16143,32.8,17.7,78.9,7.2,9,17.1,66041,0,0,0,0,3,1,5,0,1,1
66737,47527,25502,13.0,29713,28.3,19.0,83.3,3.5,7,20.1,73726,0,1,1,0,3,3,1,1,1,1
22645,38707,19720,29.2,8671,28.0,18.1,87.7,2.7,4,47.4,67744,0,1,1,1,1,0,3,4,5,3
6688,43777,20903,18.1,3037,31.5,19.6,77.1,4.1,7,24.0,65223,0,1,1,1,1,3,1,1,6,6
6498,35801,25547,14.8,2408,31.8,23.2,75.4,6.3,35,20.0,68519,0,1,1,0,1,3,4,1,6,0
356774,62407,41239,12.8,150802,30.6,24.2,74.6,7.3,14,22.8,81649,0,0,0,3,3,1,4,3,8,8
33776,36550,19699,20.5,14098,31.3,18.2,86.2,1.3,20,26.9,57684,0,1,1,1,1,0,3,1,7,7
5793,72544,45110,5.6,3399,44.4,23.1,74.9,13.6,44,5.5,90846,0,0,0,3,0,2,2,5,4,4
26129,35944,19520,25.7,10491,26.0,15.5,80.4,2.5,12,37.0,65994,0,1,1,1,1,0,3,4,7,7
26572,39293,21084,22.5,10306,22.9,17.3,83.5,3.1,26,37.6,64943,0,1,1,1,1,0,3,4,7,7
155744,59528,27728,12.3,72576,23.4,15.7,81.1,2.2,46,15.6,72898,0,1,1,0,3,3,4,3,8,0
11498,53606,28644,13.3,4934,34.8,15.8,75.2,9.9,6,18.4,78100,0,0,0,0,2,4,5,6,3,1
42379,57307,28302,10.0,21928,31.6,14.9,88.0,4.3,9,11.8,64080,0,0,0,0,3,1,5,0,1,1
72849,30336,14077,37.5,23207,29.4,25.1,74.8,9.5,35,45.7,62526,0,1,1,1,1,0,3,4,5,3
19141,39863,23754,21.0,7555,30.9,16.9,84.4,3.2,23,28.3,60122,0,1,1,1,1,3,1,1,7,7
1034290,61695,35669,13.4,537798,43.4,15.9,77.4,6.7,16,18.4,66144,0,0,0,3,3,1,5,3,8,8
3646,49761,28065,10.4,1621,32.9,11.8,65.2,11.4,5,15.9,74049,0,0,0,0,2,4,0,6,0,5
7541,37883,18878,22.2,2704,30.3,19.2,83.3,4.5,35,30.8,61938,0,1,1,1,1,0,3,4,7,7
43726,53163,26698,19.6,20901,33.0,22.4,72.6,5.1,24,11.9,74133,0,1,0,0,3,3,4,3,8,0
37700,48173,17874,21.4,12412,28.3,21.1,76.8,3.3,6,28.7,66326,0,1,1,1,1,3,1,1,6,6
16405,45605,25873,14.3,7261,27.1,20.1,74.6,8.1,24,19.2,69835,0,1,1,0,3,3,1,1,6,6
6496,56233,27774,15.9,3307,33.8,16.8,78.7,6.8,14,23.4,68235,0,0,0,0,3,1,5,0,1,1
17346,54565,24140,12.8,6772,23.7,17.4,82.2,1.6,23,17.2,64766,0,1,1,0,3,3,1,1,1,7
353213,61318,34232,13.6,169756,46.3,15.2,87.7,3.4,24,20.0,63503,0,0,0,0,3,1,5,3,8,8
172707,46077,22829,18.5,73192,28.0,19.7,83.9,2.9,34,26.6,67131,0,1,1,1,1,3,1,1,7,0
310186,46475,25804,17.0,138429,27.6,25.8,83.7,4.0,43,29.4,64484,0,1,1,1,1,3,4,1,6,0
1203,63438,27448,19.8,374,38.2,21.9,62.1,14.0,34,17.3,85778,0,0,0,3,2,4,0,6,0,5
12347,40791,20687,19.9,4995,24.4,17.5,71.2,4.1,19,29.2,71995,0,1,1,1,1,3,1,1,7,7
14563,40465,20666,17.9,5783,27.8,21.4,83.9,3.8,6,24.5,68385,0,1,1,1,1,3,1,1,6,6
18166,46351,25661,16.5,8248,31.5,17.8,83.0,6.1,14,25.9,61392,0,1,1,0,3,3,1,1,1,7
13066,49184,26128,16.6,4401,33.9,18.0,75.3,7.2,22,18.5,70299,0,0,0,0,3,3,1,1,1,1
537893,60301,32544,15.0,278185,43.6,17.6,73.3,5.5,31,22.3,64780,0,0,0,0,3,1,4,3,8,8
61581,66080,33528,7.7,31003,39.3,14.4,88.4,2.6,15,10.1,78268,0,0,0,0,3,1,5,0,3,1
358484,53317,26780,16.7,165116,29.4,21.3,83.0,2.3,46,23.8,69446,0,1,1,1,1,3,4,3,8,0
47794,41574,22154,27.5,22218,48.2,18.8,59.6,5.1,22,14.7,68634,0,1,1,0,2,4,0,6,0,0
158170,74245,33031,5.1,81408,40.4,14.5,87.5,4.3,13,5.9,84969,0,0,0,3,0,1,5,5,3,4
17048,46610,19702,16.6,6543,27.8,22.8,81.1,3.6,10,21.4,71604,0,1,1,1,1,3,1,1,6,6
17000,59889,36588,8.1,9177,36.1,14.6,81.2,5.3,12,9.2,66982,0,0,0,0,3,1,5,0,3,1
149645,61605,29055,8.5,71953,40.1,15.1,87.4,2.5,8,9.2,72347,0,0,0,0,3,1,5,0,3,1
10105722,61015,30798,17.0,4805817,36.4,19.0,73.7,5.3,32,24.0,97766,0,0,2,2,4,5,6,2,2,2
78720,57190,27884,11.2,38265,28.6,13.3,80.8,3.6,15,16.1,66799,0,0,0,0,3,1,5,0,1,1
89280,61036,35255,10.9,45847,41.9,19.1,73.7,5.3,17,14.5,73296,0,0,0,3,3,1,5,3,3,8
15690,30503,17670,32.6,4707,31.2,21.5,82.2,2.0,2,48.2,61684,0,1,1,1,1,0,3,4,5,3
4986,50642,27621,10.9,2134,32.6,18.5,80.7,9.4,7,8.6,65166,0,0,0,0,3,1,5,0,3,1
1106700,67922,30134,10.4,564689,38.8,14.8,75.2,5.6,49,13.1,80189,0,0,0,3,0,2,4,3,8,8
29722,73538,37192,10.3,19358,27.8,29.2,72.4,8.1,25,15.3,96166,0,0,0,3,0,2,2,5,4,8
18947,51543,21209,18.0,8619,27.7,12.8,85.0,2.2,28,26.8,63621,0,1,1,1,1,3,1,1,7,7
38023,44030,21958,17.1,14986,29.1,27.0,77.4,3.6,13,24.4,64809,0,1,1,1,1,3,1,1,6,6
14654,43938,21858,17.6,6390,30.4,13.6,85.6,3.8,22,30.6,65148,0,1,1,1,1,3,1,1,7,7
63505,53121,30013,9.6,30124,32.9,20.3,83.3,5.2,25,11.1,64552,0,0,0,0,3,1,5,0,1,1
8773,41776,22863,13.3,3834,25.2,20.9,78.0,4.9,20,14.8,69028,0,1,1,0,3,3,1,1,6,6
62119,43504,22104,16.6,25751,29.7,16.4,86.9,2.0,23,24.3,63207,0,1,1,1,1,3,1,1,7,7
6739,53832,20635,13.5,2445,30.3,22.3,71.5,0.1,10,26.1,62538,0,1,1,1,1,3,1,1,6,6
17577,70753,29903,11.9,8054,21.3,13.0,79.8,2.5,27,15.5,68704,0,0,0,0,3,1,5,0,1,1
5812,39577,22014,20.3,2490,39.0,19.2,63.7,15.3,16,26.7,70883,0,0,0,0,2,4,0,6,0,5
6072,36073,22958,15.5,2021,26.3,25.1,80.8,5.9,10,24.7,71014,0,1,1,1,1,3,1,1,6,6
8447,26663,18220,21.6,3015,33.8,21.7,75.8,8.3,22,37.2,63334,0,1,1,1,1,0,3,4,6,6
107317,49538,26276,14.3,53532,33.2,19.3,78.8,4.1,18,19.8,72406,0,1,1,0,3,3,1,1,1,1
66523,38573,21092,19.6,25992,28.9,17.7,80.0,3.4,29,27.3,64234,0,1,1,1,1,3,1,1,7,7
141005,79637,40632,8.2,71110,36.3,21.2,76.1,5.6,23,9.0,112512,0,0,0,3,0,2,2,5,4,4
27027,43645,22388,18.7,11282,29.0,17.9,79.2,1.7,31,26.3,66974,0,1,1,1,1,3,1,1,7,7
23005,33194,21225,31.2,8481,28.7,20.0,83.8,2.8,47,40.6,59756,0,1,1,1,1,0,3,4,5,3
5785,44922,26758,18.0,2419,31.1,14.3,76.0,2.7,12,26.9,65509,0,1,1,0,3,3,1,1,1,7
3891,63607,36388,7.7,1768,30.3,23.4,82.8,4.5,28,16.4,74312,0,0,0,0,3,1,4,3,8,8
12084,41740,22033,18.3,5372,32.9,19.0,77.0,7.0,15,23.5,64609,0,1,1,0,1,3,1,1,6,6
6783,48862,26584,15.0,3208,32.7,25.4,72.9,6.8,7,24.5,73246,0,1,1,0,3,3,1,1,6,6
3338,66607,31254,16.7,2405,16.3,13.6,26.4,5.3,0,20.0,76654,0,0,0,3,2,4,0,6,0,5
14842,32330,19256,24.5,5592,32.1,19.4,81.3,1.7,39,40.7,57945,0,1,1,1,1,0,3,4,5,3
20913,50241,26689,12.0,9491,29.4,17.9,85.8,3.5,13,15.3,61798,0,1,1,0,3,1,1,0,1,1
10405,29493,17972,27.5,3682,29.9,12.4,88.8,0.3,23,42.3,60911,0,1,1,1,1,0,3,4,7,3
21058,56088,31182,11.1,11038,36.7,20.9,80.5,3.9,29,18.0,64021,0,0,0,0,3,1,4,3,8,0
25945,34353,19745,21.6,9313,27.9,14.9,86.8,5.4,25,26.8,59141,0,1,1,1,1,0,3,1,7,7
52252,53687,26854,12.7,21015,33.0,19.6,84.0,1.8,7,20.2,82143,0,0,0,0,3,1,1,0,1,1
6791,56289,21906,11.6,2418,27.4,17.0,84.3,7.7,9,15.1,80211,0,0,0,0,3,1,5,0,1,1
22271,43964,27160,17.5,9422,22.6,21.1,80.4,2.7,18,25.0,73108,0,1,1,1,1,3,1,1,6,6
16354,39297,26942,20.3,6259,33.4,19.3,74.7,4.4,21,30.6,60714,0,1,1,1,1,3,1,1,7,7
45778,59516,28340,9.0,23229,29.8,14.5,87.6,2.7,10,12.4,62890,0,0,0,0,3,1,5,0,1,1
4904,52930,25821,18.6,2086,30.4,16.6,80.7,9.2,10,30.0,72550,0,1,1,0,3,3,1,1,1,1
138015,67570,31548,11.6,66983,34.7,15.8,81.5,4.8,19,16.6,77074,0,0,0,0,3,1,5,0,3,1
32256,30976,17440,28.2,11370,22.9,21.6,84.2,2.9,39,41.4,56143,0,1,1,1,1,0,3,4,5,3
1390,60694,39888,3.3,728,42.3,10.3,68.6,14.5,1,0.9,69167,0,0,0,3,2,4,0,6,3,5
781321,80290,37928,8.4,419189,46.0,13.9,80.9,7.1,15,9.4,78566,0,0,0,3,0,2,2,5,4,4
20474,50960,28116,16.0,7965,30.5,18.3,85.0,3.9,23,20.2,62503,0,1,1,0,3,3,1,1,1,7
39444,41617,19084,18.0,16748,17.0,14.6,87.8,0.7,12,26.6,68020,0,1,1,1,1,3,1,1,7,7
129100,73655,35841,9.2,59833,39.0,14.7,80.7,7.6,14,14.1,75114,0,0,0,3,0,1,5,5,3,4
160985,66906,36384,11.3,90054,47.6,16.0,73.3,5.4,22,12.2,104537,0,0,0,3,0,2,2,5,4,4
53026,49270,23521,15.8,20340,26.7,18.2,86.7,3.3,12,23.1,75006,0,1,1,0,3,3,1,1,1,7
9352,34746,19711,23.3,3207,25.9,18.6,80.4,4.1,10,37.2,58600,0,1,1,1,1,0,3,4,7,7
40908,44865,24308,17.8,17047,31.9,19.7,80.8,4.7,25,28.0,70903,0,1,1,1,1,3,1,1,7,0
15238,39947,22622,18.5,5842,25.6,21.1,83.6,3.0,11,29.2,65154,0,1,1,1,1,3,1,1,6,6
1736,40352,23190,14.1,797,26.3,24.3,60.3,8.9,9,19.7,68848,0,1,1,0,2,4,0,6,6,6
7533,29043,13436,34.4,1790,21.3,19.4,81.3,3.2,1,45.5,61016,0,1,1,1,1,0,3,4,5,3
51906,46620,22583,16.9,17386,30.7,19.2,85.0,1.9,24,22.6,69990,0,1,1,1,1,3,1,1,7,7
246105,88502,39566,7.2,130387,46.1,15.5,78.1,6.1,12,9.1,83817,0,0,0,3,0,2,2,5,4,4
78013,49554,25965,17.7,37488,34.4,20.0,83.1,2.9,29,21.2,75108,0,1,1,0,3,3,4,1,8,0
24247,50823,26012,14.9,10894,29.4,19.2,82.4,2.6,23,23.0,67591,0,1,1,0,3,3,1,1,1,7
155239,61315,29981,12.4,73044,38.1,19.1,81.4,3.1,29,19.7,87445,0,0,0,0,3,1,4,3,8,8
45358,49257,26935,11.5,22255,28.9,16.2,80.2,6.3,12,16.2,73995,0,0,0,0,3,1,5,0,1,1
58503,52089,24859,14.3,25650,33.3,17.4,84.6,2.9,26,18.4,68164,0,1,1,0,3,3,1,1,1,0
917,79500,42002,7.1,508,30.5,18.5,58.9,3.1,24,11.6,84918,0,0,0,3,0,2,2,5,4,8
11173,41182,22301,14.7,3955,30.3,24.8,79.8,5.4,17,22.6,62820,0,1,1,1,1,3,1,1,6,6
13056,53010,27331,10.1,6373,27.7,16.9,72.6,3.6,23,8.6,68578,0,0,0,0,3,1,5,0,1,1
119157,47529,25013,16.6,50611,30.3,16.2,89.7,1.5,8,24.6,69236,0,1,1,0,3,3,1,1,1,7
28109,45067,24840,18.3,11724,24.3,20.0,81.7,4.5,27,28.3,62125,0,1,1,1,1,3,1,1,7,7
12803,45211,25461,15.1,5015,29.3,17.6,76.9,7.7,17,29.1,74668,0,1,1,0,3,3,1,1,1,6
25599,60992,30763,9.5,12454,31.7,17.6,89.6,3.5,11,10.5,72912,0,0,0,0,3,1,5,0,3,1
404839,55236,37054,10.5,160224,34.2,21.8,83.1,6.6,20,16.7,80503,0,0,0,0,3,1,4,3,8,8
92372,67308,36483,8.5,51229,39.6,16.0,85.0,3.7,30,8.9,81075,0,0,0,3,0,1,5,3,3,8
22938,57269,29595,12.1,11263,35.6,15.1,68.3,11.2,16,18.2,89890,0,0,0,3,2,4,0,6,0,5
3841,46943,24964,7.4,2053,22.0,15.7,65.4,10.9,2,8.2,67347,0,0,0,0,2,4,0,6,0,5
60875,46017,23398,15.7,27689,28.8,21.2,83.5,4.1,21,23.9,63872,0,1,1,1,1,3,1,1,6,6
94125,46187,25232,15.9,42367,31.2,16.2,84.3,3.0,25,22.2,66520,0,1,1,0,3,3,1,1,1,7
35688,36962,19246,24.8,13208,25.6,16.1,83.7,2.4,49,39.9,58977,0,1,1,1,1,0,3,4,5,3
98799,93095,44212,4.0,55757,46.5,14.3,82.5,6.4,9,3.3,97039,0,0,0,3,0,2,2,5,4,4
68617,50967,25218,13.1,30786,28.0,16.7,81.8,5.4,16,19.2,63563,0,1,1,0,3,3,1,0,1,1
258903,68336,34412,9.9,112032,38.9,18.8,68.7,6.1,28,12.1,88041,0,0,0,3,0,2,2,5,4,8
410881,45231,25180,20.0,166919,31.5,19.5,84.6,3.1,22,29.9,71480,0,1,1,1,1,3,1,1,7,7
13566,45680,27161,11.9,6571,26.7,18.0,78.7,5.0,12,12.7,74014,0,0,0,0,3,1,1,0,1,1
17582,50952,27608,13.2,7587,36.4,16.6,86.2,2.2,48,19.7,79201,0,1,1,0,3,3,4,3,8,0
12490,39835,23834,17.4,4970,26.1,23.7,74.8,5.7,23,27.4,67643,0,1,1,1,1,3,1,1,6,6
14058,60595,30888,9.9,7864,37.0,30.3,44.8,9.3,15,12.0,87316,0,0,0,3,2,4,0,6,0,5
134695,60874,32082,8.0,63912,35.1,16.4,87.5,2.8,24,9.9,63586,0,0,0,0,3,1,5,0,3,1
2016,31439,24571,22.7,675,32.9,16.9,70.7,9.9,19,22.4,69348,0,1,1,0,2,4,0,6,0,6
10466,56988,31697,9.9,5127,38.5,18.6,61.9,12.9,24,10.9,86608,0,0,0,3,2,4,0,6,0,5
23439,38358,20859,18.4,9392,23.0,15.5,84.5,3.1,5,23.8,59766,0,1,1,1,1,3,1,1,7,7
36035,46666,22890,16.0,15337,24.6,18.1,86.9,1.9,20,24.9,63757,0,1,1,1,1,3,1,1,7,7
21802,37982,19708,20.2,8339,27.5,19.6,81.5,5.3,0,29.7,81073,0,1,1,1,1,3,1,1,6,6
1983675,62532,30857,13.5,974947,36.6,16.2,82.5,4.3,30,19.4,72592,0,0,0,3,3,2,4,3,8,8
7576,57593,30927,7.6,3648,32.6,14.4,81.2,5.4,23,9.6,71244,0,0,0,0,3,1,5,0,3,1
79237,41971,22439,22.3,35605,37.9,22.4,74.6,3.7,27,29.3,70635,0,1,1,1,1,3,4,1,6,0
18471,37089,19936,24.7,6951,26.0,13.9,82.9,2.6,42,31.8,59780,0,1,1,1,1,0,3,4,7,7
50992,53975,27200,14.5,28578,35.1,18.7,76.6,4.4,21,11.5,69847,0,0,0,0,3,1,5,0,1,1
15537,56273,27935,9.2,8329,27.8,13.0,76.7,5.3,11,13.5,62996,0,0,0,0,3,1,5,0,1,1
41911,34951,21882,21.5,16814,30.4,22.3,80.5,2.6,45,31.1,61227,0,1,1,1,1,0,3,4,7,0
20953,65015,31163,9.0,11034,35.6,16.5,84.1,3.9,7,14.4,78308,0,0,0,0,3,1,5,0,3,1
6338,34765,22267,21.0,2465,30.5,13.5,71.8,8.3,16,27.2,67696,0,1,1,1,1,3,1,1,7,7
31470,54083,20974,14.6,9052,28.4,28.8,80.1,5.8,25,20.7,79987,0,1,1,0,1,3,4,1,6,6
21788,34035,20018,27.0,8004,23.9,20.0,87.0,1.7,43,42.8,55050,0,1,1,1,1,0,3,4,5,3
674826,62535,31217,11.1,304289,40.8,18.4,77.5,6.3,31,14.2,81771,0,0,0,3,0,2,4,3,8,8
446167,51436,30162,19.1,216397,38.1,18.7,82.9,2.8,47,25.8,74028,0,1,1,0,3,3,4,3,8,0
344861,76796,34321,6.6,187986,36.6,15.9,82.2,4.5,22,9.3,91446,0,0,0,3,0,2,2,5,4,4
17226,47906,24874,18.2,7339,29.9,17.8,80.3,5.7,8,26.6,63354,0,1,1,0,3,3,1,1,1,7
63776,63934,31681,14.2,29365,32.5,16.5,83.8,2.5,19,26.2,81947,0,0,0,0,3,1,5,3,8,1
32840,42260,24266,19.8,13837,31.1,17.7,80.0,4.5,17,31.8,65524,0,1,1,1,1,3,1,1,7,7
39876,47524,27168,15.3,19302,27.8,18.4,82.8,3.2,48,23.8,65297,0,1,1,1,1,3,4,1,8,0
37242,38919,20527,19.6,14884,29.2,14.9,85.9,1.7,0,24.1,57904,0,1,1,1,1,3,1,1,7,7
546,35096,30782,19.8,201,42.8,14.4,50.0,23.2,0,30.7,69480,0,0,0,3,2,4,0,6,0,5
63247,59081,27447,13.0,27736,29.6,15.0,82.2,5.7,10,20.4,74113,0,0,0,0,3,1,5,0,1,1
44673,44941,24408,17.1,18265,29.1,18.9,83.5,2.0,34,22.6,70494,0,1,1,1,1,3,1,1,7,0
820,53056,29574,12.0,399,44.6,19.0,67.4,3.6,13,18.9,73190,0,0,0,0,3,1,5,3,3,8
771904,78020,35737,8.8,390186,38.9,16.3,74.7,5.2,28,11.1,97753,0,0,0,3,0,2,2,5,4,4
300865,56393,33151,16.4,154374,49.0,17.0,76.8,5.0,36,24.5,78649,0,0,0,3,0,2,4,3,8,8
6972,52923,24858,10.3,2897,40.5,18.2,71.9,11.2,0,14.3,69570,0,0,0,0,2,4,0,6,0,5
164094,72762,32379,10.0,83785,29.0,28.4,73.3,5.6,39,11.8,109523,0,0,0,3,0,2,2,5,4,8
8929,27197,15149,30.7,3296,25.5,26.9,79.8,3.7,16,45.6,60194,0,1,1,1,1,0,3,4,5,3
1844,30500,17939,31.0,627,19.5,21.5,74.0,1.6,20,49.5,62081,0,1,1,1,1,0,3,4,5,3
20553,45706,22841,17.8,9514,32.6,20.3,84.4,3.2,39,26.7,63371,0,1,1,1,1,3,4,1,7,0
70130,51410,30465,17.0,38387,35.5,19.7,82.0,3.5,31,15.2,83376,0,0,0,0,3,1,4,3,8,0
11745,62012,28356,4.9,6004,37.7,15.6,79.3,7.2,8,5.6,66837,0,0,0,0,3,1,5,0,3,1
8481,62500,23681,12.3,3755,21.8,16.9,78.0,1.3,17,14.6,61869,0,1,1,0,3,3,1,0,1,1
32386,50532,28911,15.4,15240,31.8,20.0,78.4,2.6,34,25.7,66107,0,1,1,0,3,3,4,1,8,0
64633,92237,38063,5.6,30706,45.1,13.1,85.1,6.2,6,7.2,72534,0,0,0,3,0,2,5,5,3,4
9694,40622,22836,20.1,2720,24.2,22.5,88.5,1.9,21,45.4,57039,0,1,1,1,1,0,3,4,5,3
5911,58359,27715,5.0,3041,24.9,23.3,84.0,1.7,0,2.9,70719,0,0,0,0,3,1,5,0,1,1
150183,49742,19835,20.9,53158,24.4,21.4,75.6,5.0,25,28.7,73179,0,1,1,1,1,3,1,1,6,6
225207,46516,26304,20.5,93439,35.9,22.2,75.0,5.7,1,21.5,72781,0,1,1,0,3,3,1,1,6,6
180117,50283,26742,15.4,80334,32.0,22.2,81.7,3.3,40,22.1,72379,0,1,1,0,3,3,4,3,8,0
9290,39152,23155,15.1,2971,23.9,21.8,84.1,5.5,4,23.5,66107,0,1,1,1,1,3,1,1,6,6
864019,58175,29740,11.8,414453,34.4,17.6,87.3,2.5,20,17.6,74762,0,0,0,0,3,1,4,3,8,8
16323,35910,19342,23.7,4798,25.9,17.3,77.1,5.8,24,32.9,65216,0,1,1,1,1,0,3,4,7,7
23580,106870,46489,7.8,12834,53.0,18.1,69.6,7.2,18,6.2,105521,0,0,0,3,0,2,2,5,4,4
4883,42939,23785,16.7,2156,34.5,17.7,69.9,14.1,12,25.5,69651,0,0,0,0,2,4,0,6,0,5
3303,50720,33109,8.2,1697,39.7,13.4,74.8,13.1,6,11.6,68646,0,0,0,0,2,4,0,6,3,5
46138,62431,33477,10.8,23976,35.9,17.8,81.0,5.2,19,15.8,68843,0,0,0,0,3,1,5,0,3,1
212738,56419,29186,15.3,102696,35.3,19.8,75.2,5.9,31,14.1,83567,0,0,0,0,3,1,4,3,8,8
14888,60848,29884,8.5,7794,29.1,14.6,79.4,7.8,7,12.4,77166,0,0,0,0,3,1,5,0,3,1
5675,35546,22098,19.9,2173,18.3,18.6,90.6,2.5,25,31.7,64026,0,1,1,1,1,0,3,4,7,7
154710,93370,57019,10.5,95344,58.5,16.0,58.2,5.2,20,17.7,101532,0,0,0,3,0,2,2,5,4,4
21063,35290,18563,22.2,7684,33.6,15.7,82.2,2.2,43,30.6,59368,0,1,1,1,1,0,3,4,7,7
13966,50847,29116,11.5,7091,32.7,15.4,80.1,6.6,10,16.4,66212,0,0,0,0,3,1,5,0,1,1
5445,52571,25935,11.7,2492,33.8,12.6,81.7,6.5,9,16.4,69572,0,0,0,0,3,1,5,0,3,1
45909,46160,23831,17.0,19345,27.9,16.5,80.3,5.1,11,25.2,64479,0,1,1,0,3,3,1,1,1,7
20825,57093,28441,11.3,10671,34.8,16.7,72.5,7.7,3,17.9,70155,0,0,0,0,3,1,5,0,3,1
15166,54868,29949,10.0,7646,35.1,13.5,82.4,5.7,6,14.1,66742,0,0,0,0,3,1,5,0,3,1
185015,74885,38156,9.8,80373,41.4,19.0,77.8,8.3,18,11.6,96977,0,0,0,3,0,2,2,5,4,4
20066,32147,17676,18.4,7429,23.8,21.8,81.1,1.4,37,24.6,60741,0,1,1,1,1,0,3,4,7,7
22948,47535,21158,18.8,10866,20.6,15.1,71.6,3.7,5,27.2,74953,0,1,1,1,1,3,1,1,1,7
16329,67423,31192,10.9,8284,34.9,11.1,87.9,3.8,6,24.8,83493,0,0,0,0,3,1,5,0,3,1
4705,43489,27121,11.7,2390,38.9,14.8,81.2,8.4,12,19.1,67156,0,0,0,0,3,1,5,0,3,1
43814,40600,21565,20.4,16629,24.5,25.9,77.1,4.0,20,35.3,63603,0,1,1,1,1,0,3,4,6,6
2307,52917,19512,18.0,671,29.2,11.9,70.3,9.4,13,20.5,74447,0,0,0,0,2,4,0,6,1,1
48486,45543,26420,19.3,18235,36.3,17.9,82.8,1.5,0,27.5,81021,0,1,1,0,3,3,1,1,1,7
16176,55411,27866,13.3,8112,29.5,17.8,84.8,4.8,2,21.3,73608,0,0,0,0,3,1,1,0,1,1
200294,50936,29197,15.4,98224,35.6,21.1,78.8,3.9,33,17.2,77578,0,0,0,0,3,3,4,3,8,0
102366,58392,28540,13.7,45842,33.0,19.4,75.2,5.6,18,19.5,91956,0,0,0,0,3,1,4,3,8,8
48139,55194,23973,14.6,20208,25.8,21.1,76.9,5.9,28,22.5,65128,0,1,1,0,3,3,1,1,6,6
12377,38248,19555,20.1,4759,25.6,12.2,83.8,3.6,10,25.0,68357,0,1,1,1,1,3,1,1,7,7
2355002,60807,25700,15.6,978726,29.4,21.4,77.2,5.2,30,21.3,83185,0,0,0,3,3,2,4,3,8,8
51073,49821,26216,16.1,21639,31.6,17.3,86.6,2.8,21,26.3,58709,0,1,1,1,3,3,1,1,7,7
17747,67755,65800,7.1,11435,41.6,22.2,51.8,12.7,27,5.9,94933,0,0,0,3,0,2,2,5,4,4
32785,52469,25355,16.5,15674,27.6,21.5,83.7,2.6,12,25.6,84510,0,1,1,0,3,3,1,1,6,6
6651,58767,35698,8.6,3283,36.8,20.0,76.0,7.9,12,9.0,64784,0,0,0,0,3,1,5,0,3,1
1121,47132,24662,10.8,563,41.6,17.6,71.1,13.0,2,9.1,81245,0,0,0,0,2,4,0,6,0,5
17034,54393,24473,15.7,7483,24.5,18.5,77.0,4.5,11,21.8,74333,0,1,1,0,3,3,1,1,1,6
66018,42531,23793,18.7,26034,29.0,21.3,79.9,6.0,13,24.7,75849,0,1,1,1,1,3,1,1,6,6
110839,49921,25004,16.6,47222,26.6,19.5,83.5,3.7,29,28.7,69602,0,1,1,1,1,3,1,1,7,7
7388,37106,14989,14.1,751,24.5,22.6,80.2,3.3,16,38.3,72101,0,1,1,1,1,0,3,1,6,6
11550,51909,26409,14.2,4933,31.6,15.2,85.2,5.4,19,20.6,73757,0,1,1,0,3,1,5,0,1,1
213900,68048,40886,7.5,104246,37.9,21.2,81.1,6.3,18,11.7,106175,0,0,0,3,0,2,2,5,4,4
34459,52749,26902,10.1,17154,25.6,15.3,82.0,3.7,14,15.6,66950,0,1,1,0,3,1,5,0,1,1
1495400,60239,29693,16.7,666790,38.4,19.6,77.1,5.5,30,22.6,87805,0,0,0,3,0,2,4,3,8,8
31405,40744,23068,19.6,12173,27.0,19.3,81.9,1.6,0,24.2,60038,0,1,1,1,1,3,1,1,7,7
126552,67805,32540,9.5,69103,38.1,17.8,78.9,3.9,20,9.3,78484,0,0,0,0,3,1,5,3,3,8
314867,38664,26739,25.0,152079,40.6,22.5,71.8,4.2,89,39.8,66954,0,1,1,1,1,0,4,3,8,0
11218,39219,18030,29.1,3835,29.3,25.3,75.3,4.6,31,39.5,67339,0,1,1,1,1,0,3,4,5,3
45960,53890,27255,13.3,20963,31.0,17.3,82.5,5.2,16,20.9,75018,0,0,0,0,3,1,5,0,1,1
22440,53918,31534,15.6,10267,34.3,16.8,82.2,7.5,13,23.8,68849,0,0,0,0,3,1,5,0,1,1
103374,49391,26830,15.4,40286,33.1,20.4,81.0,3.1,27,25.7,78781,0,1,1,0,3,3,4,1,8,0
52182,58835,22808,10.2,22319,31.5,14.4,77.7,4.0,19,13.0,69419,0,0,0,0,3,1,5,0,1,1
31298,40544,22319,17.4,12817,27.3,21.3,85.8,3.0,23,23.8,64916,0,1,1,1,1,3,1,1,7,7
8328,58662,31679,11.3,4136,30.9,18.0,82.5,4.1,14,14.3,66673,0,0,0,0,3,1,5,0,1,1
50283,41941,22628,22.5,20509,28.5,18.9,83.6,1.2,6,34.2,84613,0,1,1,1,1,3,1,1,7,7
26915,28556,14427,32.5,8371,28.0,20.1,83.1,1.0,1,46.5,57264,0,1,1,1,1,0,3,4,5,3
179144,44324,23495,14.3,63962,29.6,19.9,82.0,5.8,19,20.7,73007,0,1,1,0,3,3,1,1,1,6
58480,38988,21279,20.9,22959,28.7,20.2,86.0,2.8,21,29.2,65343,0,1,1,1,1,3,3,1,7,7
12776,47131,26804,17.1,5832,27.1,19.5,71.6,4.2,5,24.1,65530,0,1,1,0,3,3,1,1,6,6
2224,43088,24171,16.6,747,37.1,20.7,66.5,5.0,22,19.3,63237,0,1,1,0,3,3,1,1,6,6
196716,60716,29143,11.5,95894,37.4,16.9,83.3,4.7,17,15.9,74288,0,0,0,0,3,1,5,0,3,1
2665,42772,24469,12.6,1156,35.7,12.5,74.1,8.3,5,18.1,64824,0,0,0,0,3,1,5,0,1,1
220008,62702,32786,9.5,117384,38.6,15.2,84.8,3.2,12,11.4,72170,0,0,0,0,3,1,5,0,3,1
19358,32308,19564,25.9,7348,29.4,24.0,79.3,1.6,19,39.3,60932,0,1,1,1,1,0,3,4,5,3
9368,56298,24935,11.5,3675,24.0,16.4,85.8,2.1,15,15.7,66660,0,1,1,0,3,3,1,0,1,1
2357,49583,24666,17.0,992,38.8,14.4,75.6,4.9,3,24.6,65702,0,1,1,0,3,1,1,0,1,1
93895,77104,39513,6.5,47123,40.8,14.8,79.2,8.2,7,8.8,70132,0,0,0,3,0,1,5,5,3,4
23556,39655,21236,23.5,8655,27.3,16.3,85.7,4.6,21,31.6,72124,0,1,1,1,1,0,3,1,7,7
20477,36479,21707,19.7,6474,26.4,26.8,70.5,8.3,38,38.1,77100,0,1,1,1,1,0,3,4,6,6
21456,44396,21172,15.8,6746,23.6,21.0,83.3,5.0,9,23.8,73048,0,1,1,1,1,3,1,1,6,6
272926,57514,29941,15.3,127737,31.0,29.3,77.1,2.5,29,24.4,88433,0,1,1,0,3,3,4,3,8,0
46358,39630,19482,21.8,17421,25.6,20.8,83.9,4.7,16,29.4,62586,0,1,1,1,1,0,3,1,7,7
469188,52205,28072,17.2,215324,34.2,21.1,82.2,3.6,33,26.7,81112,0,1,1,0,3,3,4,3,8,0
16384,43565,29712,17.7,7254,29.8,20.9,73.2,5.0,16,32.8,71817,0,1,1,1,1,3,1,1,6,6
1610,51136,31211,8.2,954,39.6,13.4,69.9,14.4,5,6.6,72572,0,0,0,3,2,4,0,6,0,5
33026,34250,19040,23.6,12423,23.3,18.7,84.9,1.0,36,32.2,69868,0,1,1,1,1,0,3,4,7,7
28792,56946,29508,7.6,15238,36.1,17.1,83.2,3.3,0,7.8,80466,0,0,0,0,3,1,5,0,3,1
67477,48600,26023,15.2,28720,32.3,21.3,85.1,4.1,24,21.9,76463,0,1,1,0,3,3,4,1,8,0
26290,31672,18776,27.6,9422,24.7,18.6,89.7,0.8,59,40.2,64646,0,1,1,1,1,0,3,4,5,3
25402,36355,16279,23.7,7655,29.6,19.5,76.5,5.5,17,38.3,60442,0,1,1,1,1,0,3,4,7,3
104415,56200,29759,20.4,50390,51.4,17.9,61.3,6.3,25,16.7,97221,0,0,0,3,0,2,2,5,4,8
39713,56150,25673,12.7,19170,32.3,16.0,84.0,4.4,21,18.0,75150,0,0,0,0,3,1,5,0,1,1
121282,50316,25240,16.3,57306,36.0,17.4,83.5,3.4,38,16.6,69254,0,1,1,0,3,3,4,3,8,0
79207,44930,23416,19.8,31973,26.9,20.0,84.7,3.2,26,30.7,67223,0,1,1,1,1,3,1,1,7,7
186081,50486,25481,20.9,91869,39.2,17.7,74.1,3.2,26,19.1,74133,0,1,1,0,3,3,4,3,8,0
10104,54015,28515,10.4,4244,35.0,20.9,78.7,7.0,9,3.2,78192,0,0,0,0,3,1,5,0,3,1
4499,43981,25306,12.0,2119,35.0,15.7,78.3,3.1,17,12.3,67040,0,0,0,0,3,1,5,0,1,1
125717,110969,54200,4.5,66382,51.7,12.9,80.7,8.7,6,4.9,97519,0,0,0,3,0,2,2,5,4,4
720,48864,28981,7.7,428,48.4,11.0,56.0,28.3,1,13.3,80893,0,0,0,3,2,4,0,6,0,5
18030,33846,20261,24.1,6939,24.0,24.8,80.6,3.8,11,36.2,64420,0,1,1,1,1,0,3,4,6,3
10776,55986,28004,8.3,5607,35.1,24.1,70.2,8.3,6,11.4,76077,0,0,0,0,2,4,0,6,3,5
30113,25210,15403,40.3,9106,28.1,21.0,87.3,2.5,42,54.5,57309,0,1,1,1,1,0,3,4,5,3
361509,65618,37455,14.5,183919,52.6,15.7,72.2,5.9,20,12.7,84563,0,0,0,3,0,2,2,5,4,4
25763,44056,21226,16.7,10622,26.8,20.5,80.8,4.1,22,26.7,65362,0,1,1,1,1,3,1,1,6,6
3575,52750,25290,18.0,1398,27.4,12.3,86.1,2.7,6,24.0,62059,0,1,1,0,3,3,1,0,1,7
108586,59244,30064,10.9,52647,34.2,16.5,84.4,2.9,17,16.7,70518,0,0,0,0,3,1,5,0,1,1
14166,62776,31948,8.0,6902,28.0,16.5,77.0,6.2,15,8.1,82025,0,0,0,0,3,1,5,0,3,1
49795,69693,29979,8.9,23377,36.1,18.0,80.9,4.5,11,10.3,80995,0,0,0,0,3,1,5,0,3,1
16231,58077,29881,9.8,8623,30.3,18.0,79.6,5.5,7,14.7,66138,0,0,0,0,3,1,5,0,1,1
490332,53739,29132,13.5,233417,37.9,16.4,83.4,4.4,31,19.3,67983,0,0,0,0,3,1,4,3,8,0
27443,56494,34253,8.4,13419,33.1,16.7,80.9,6.0,7,9.3,74158,0,0,0,0,3,1,5,0,3,1
62607,40492,21591,21.5,24982,27.6,16.9,83.2,2.5,33,27.6,66328,0,1,1,1,1,3,3,1,7,7
8678,26188,15696,40.5,2730,21.9,18.0,77.4,1.7,0,56.1,58413,0,1,1,1,1,0,3,4,5,3
22353,40712,22668,21.2,9503,25.4,20.3,83.3,2.1,33,31.4,75252,0,1,1,1,1,0,3,1,7,7
14061,43285,25226,20.3,5716,23.0,17.9,80.1,5.3,32,29.7,65951,0,1,1,1,1,3,1,1,7,7
297732,47575,24786,15.6,135522,31.2,15.4,84.4,2.5,30,23.6,62813,0,1,1,0,3,3,1,1,7,7
