State,TotalPop,Income,Poverty,Unemployment_x,Employed,MeanCommute,Professional,Service,2022Population,2022MedianIncome,2020PopulrVoteParty,AQIGood,CostofLiving,ChildPoverty,ULOCALE,2022Population,2016CrimeRate
Texas,15051,53051,19.3,4.1,5433,21.7,27.4,20.2,"14,836",74725.21,R,0.75,62278.05,32.1,42-Rural: Distant,14836,27/1000
New York,295685,75585,9.1,6.7,144934,32.2,39.7,19.4,"297,545",104990.91,D,0.90,105669.6,11.8,41-Rural: Fringe,297545, 14/1000
Maine,50994,41549,17.8,8.8,22217,24.4,27.4,18.5,"24,546",53694.79,D,0.85,64875.33,26,42-Rural: Distant,24546, 25/1000
Texas,1498,33534,24.5,10.7,651,15.2,26,29.2,"1,307",40771.16,R,0.75,60457.54,35.8,43-Rural: Remote,1307,  8/1000
Oklahoma,27751,42567,17.1,3.5,10697,21.5,29.4,14,"25,713",59706.86,R,0.72,70043.59,20.6,42-Rural: Distant,25713, 34/1000
Georgia,274150,44106,21.9,10.3,122985,30.4,23.2,21.3,"17,027",69784.13,R,0.88,63357.8,33.5,42-Rural: Distant,17027,  3/1000
Colorado,678467,60098,15.1,4.5,374043,25.3,46.1,16.8,"713,252",90000.27,D,0.74,91534.85,22.8,11-City: Large,713252, 42/1000
Iowa,132960,50916,15.9,5.3,68771,15.7,31.8,18.4,"130,274",74342.2,R,0.88,69219.29,18.2,22-Suburb: Mid-size,130274, 29/1000
South Dakota,5524,43902,16.5,1.5,2776,18.7,35.4,18.3,"5,479",62263.65,R,0.92,69281.58,28.1,43-Rural: Remote,5479,0
Ohio,104584,45498,15.4,7.5,45737,25.3,25.7,18.1,"100,511",64046.22,R,0.83,60828.24,24.7,31-Town: Fringe,100511,  6/1000
Texas,90414,93269,5.8,4.9,44335,33.4,47.5,13.2,"123,208",115777.72,R,0.75,88697.47,7.5,21-Suburb: Large,123208, 10/1000
Iowa,13944,56314,9.7,2.3,7418,16.3,29.2,15.4,"14,060",74302.16,R,0.88,64521.12,13.3,43-Rural: Remote,14060,  9/1000
Ohio,36602,43251,15,6.7,15613,23.9,22,18.7,"36,571",57700.44,R,0.83,62488.78,21.2,41-Rural: Fringe,36571, 16/1000
Nebraska,7829,53536,10,3.3,4194,19.5,29.3,17.2,"7,721",72250.56,R,0.93,80039.66,11.1,41-Rural: Fringe,7721,  6/1000
Iowa,21101,59348,7.8,3.2,10412,22.4,30.5,16.6,"19,352",41970.49,D,0.94,65311.36,9.1,43-Rural: Remote,19352, 21/1000
Wisconsin,195101,58334,11.9,5.8,93603,24.2,32.4,17.1,"195,846",79186.77,D,0.88,75106.41,17.9,22-Suburb: Mid-size,195846, 21/1000
Tennessee,32478,39368,21.9,7.9,13341,22.7,26.4,18.6,"33,730",58506.5,R,0.85,61144.67,31.4,32-Town: Distant,33730, 21/1000
Ohio,162080,53816,14.5,7.2,82049,25.5,32.2,18.4,"70,718",81541.28,D,0.88,71404.46,18.7,32-Town: Distant,70718, 12/1000
West Virginia,7527,45152,16.6,7.4,2994,27.2,27.7,18.5,"7,586",72961.13,R,0.90,72141.76,25.9,32-Town: Distant,7586,  5/1000
Wyoming,13479,48422,13.2,6.5,6122,18.7,34,21,"12,562",66705.7,R,0.90,81332.52,19.5,43-Rural: Remote,12562, 15/1000
Montana,747,43854,18.2,4.4,351,25.2,37.6,14.2,"1,744",75292.02,R,0.95,68004.37,29.4,43-Rural: Remote,1744,  2/1000
Kentucky,12747,46182,17.5,6.9,5330,22.4,29.2,13.2,"12,570",63668.35,R,0.85,66617.05,22.4,41-Rural: Fringe,12570, 26/1000
Texas,5821,64427,8.1,1.2,2049,11.9,38,14.1,"5,208",69876.54,R,0.75,66852.42,11.4,43-Rural: Remote,5208, 30/1000
Georgia,29614,46211,18.8,7.4,12120,30.1,26.1,22.5,"7,325",57611.1,R,0.90,73296.65,35.4,33-Town: Remote,7325, 10/1000
Wisconsin,24170,48412,11.1,5,10435,26.4,25.2,17.7,"24,999",66457.21,D,0.88,70582.8,16.3,42-Rural: Distant,24999, 13/1000
North Carolina,1023811,73577,10.1,4.9,536376,24.9,50.1,13.8,"1,175,021",103236.06,D,0.88,82908.07,13.4,12-City: Mid-size,1175021,  8/1000
Georgia,73742,39305,30.4,9.3,32662,21.6,32.9,21.8,"83,059",58768.34,D,0.83,61950.17,32.6,32-Town: Distant,83059, 24/1000
Florida,46113,39830,24.4,8.5,16338,30.2,31.2,20.6,"43,403",52053.92,R,0.85,65978.52,40.8,31-Town: Fringe,43403, 14/1000
Louisiana,33122,47128,19.3,7.5,12825,24.9,26.9,22.1,"29,506",58761.15,R,0.84,70223.87,28.9,41-Rural: Fringe,29506, 43/1000
Oregon,84514,40705,18.6,9,30300,20.1,30.2,21.9,"87,730",55987.69,D,0.87,87035.28,25.4,13-City: Small,87730, 31/1000
Nevada,445551,58595,13.3,6.8,219548,21.4,33.8,20.9,"496,745",81416.01,D,0.81,81642.81,16.9,43-Rural: Remote,496745, 28/1000
Missouri,15904,50897,11.9,5.7,6715,25.1,29,15.5,"15,220",72617.14,R,0.83,68118.07,17.4,42-Rural: Distant,15220, 10/1000
Minnesota,9448,49556,12.2,3.3,4751,17.3,30,14.9,"9,755",66828.92,D,0.93,64425.87,17.5,43-Rural: Remote,9755,  5/1000
Ohio,1257401,46720,18.3,8.9,587730,24.3,39.6,18.3,"1,236,041",70358.12,R,0.83,66327.7,26.9,21-Suburb: Large,1236041, 33/1000
Illinois,529402,74862,10.4,6.2,262971,29,34.6,16.7,"8,227",72120.16,R,0.73,79487.16,15.9,43-Rural: Remote,8227, 13/1000
Wisconsin,49737,70662,5.9,2,27483,20.2,34.9,12.4,"52,718",93110.53,D,0.88,71886.51,8.4,42-Rural: Distant,52718, 10/1000
South Dakota,3404,62448,6.5,0.4,1638,19.5,35.8,14.7,"3,461",78344.77,R,0.92,71134.64,5.7,42-Rural: Distant,3461,  3/1000
Texas,19889,58167,11,4.5,8134,19,28.6,11.8,"22,181",74404.84,R,0.75,63417.29,11.6,33-Town: Remote,22181, 12/1000
Minnesota,6840,50195,9.3,3.1,3458,16.1,37.3,17.2,"6,689",70157.89,D,0.93,66073.39,10.5,43-Rural: Remote,6689,  7/1000
Massachusetts,127751,55190,11.3,6.8,63947,20,37.7,21.5,"127,859",81352.34,D,0.90,86527.33,15,42-Rural: Distant,127859, 22/1000
Idaho,207027,46426,17.1,7.3,88055,24.6,26.5,19.2,"251,065",61812.88,R,0.88,73151.85,21.1,22-Suburb: Mid-size,251065, 19/1000
Texas,20473,54467,12,7.4,8612,27.4,32.4,20.4,"22,785",75031.2,R,0.75,64021.87,14.9,43-Rural: Remote,22785, 22/1000
Louisiana,10044,34470,21.8,5.6,3671,23.3,32,19.4,"8,566",61256.34,R,0.84,65775.43,31.9,43-Rural: Remote,8566, 18/1000
North Carolina,34130,32396,24.5,7.9,13263,24.7,25.2,20.5,"29,446",48299.84,D,0.88,67154.49,34.9,42-Rural: Distant,29446,  3/1000
New York,34843,51601,11.8,4.9,15488,22.3,33,17.6,"32,882",72430.26,D,0.90,71229.61,14.2,32-Town: Distant,32882, 19/1000
Georgia,2140,26750,22.8,12.1,729,21.8,13.7,18.7,"2,249",41843.16,D,0.83,61656.58,46.1,32-Town: Distant,2249, 18/1000
Idaho,38697,43310,22.5,7.2,19118,19.4,43.8,17.4,"40,978",72920.05,R,0.88,68345.54,20,32-Town: Distant,40978, 17/1000
Tennessee,17940,32616,23,7.3,6577,23.2,21.2,25.4,"19,332",45324.1,R,0.85,59650.6,28.4,43-Rural: Remote,19332, 17/1000
Arizona,204281,43253,19.7,10.9,74891,19.6,24.9,23,"9,899",54692.86,D,0.74,67536.52,28.2,33-Town: Remote,9899,  3/1000
District of Columbia,672391,77649,17.4,8,357701,30,61.7,15.3,"671,803",116607.39,D,0.72,120289.64,25.5,11-City: Large,671803, 61/1000
North Dakota,2457,60225,6.9,1.3,1276,23.7,37.6,16.5,"2,393",65425.25,R,0.95,67271.08,7,43-Rural: Remote,2393,  9/1000
Virginia,17077,37844,21.3,7.7,7139,21.1,35.6,18.6,"16,975",55347.98,D,0.94,67152.23,36.1,23-Suburb: Small,16975, 28/1000
Kansas,6331,48550,11.4,3,2730,16.5,34.1,20.8,"6,355",74967.54,R,0.80,64982.74,14.4,43-Rural: Remote,6355, 10/1000
California,434981,72950,11.5,8.5,196309,31.8,32.7,20.4,"448,747",94936.23,D,0.68,95069.76,16.6,22-Suburb: Mid-size,448747, 31/1000
Alabama,10919,27012,31.9,17.2,2901,25,24.4,21,"8,761",50758.07,D,0.83,60633.3,41.9,43-Rural: Remote,8761, 18/1000
Virginia,12802,58535,13,3.3,6166,38,25.8,18.6,"13,455",84043.66,D,0.94,75778.6,18.9,42-Rural: Distant,13455, 11/1000
Florida,166778,62731,11.3,6.3,70810,28.7,37.7,15.9,"198,268",79213.47,R,0.85,75590.92,16.1,41-Rural: Fringe,198268, 11/1000
Florida,39713,36554,21.9,8.5,14623,30,23.3,23.7,"45,260",47944.56,R,0.85,63764.63,35.6,42-Rural: Distant,45260, 26/1000
Oklahoma,15510,62829,8.9,5.2,7046,19,36.1,14.4,"15,293",68692.61,R,0.72,72706.36,13.6,42-Rural: Distant,15293, 11/1000
Minnesota,9229,48909,11.8,4.2,4328,20.1,30.3,15.2,"9,355",71229.9,D,0.93,65982.45,16,32-Town: Distant,9355,  7/1000
Oklahoma,5666,39931,20.3,7.9,2243,25.6,34.1,17.7,"5,313",55742.28,R,0.72,70185.09,28.9,43-Rural: Remote,5313, 12/1000
Alabama,31507,39501,23,8.2,12534,28.4,24.4,13.9,"10,618",66687.22,R,0.75,62434.93,42,33-Town: Remote,10618, 13/1000
Virginia,28364,80441,5.5,4,12939,31.8,41.3,14.6,"31,489",102904.4,D,0.94,80989.78,5,42-Rural: Distant,31489,  7/1000
Virginia,105105,72265,9.8,3.2,50689,21.9,54,15.5,"114,534",105842.15,D,0.94,90203.19,11,41-Rural: Fringe,114534, 14/1000
Illinois,6570,49632,11.5,6.1,3136,20.9,25.1,13.9,"1,422",56732.14,R,0.75,61592.67,18.5,43-Rural: Remote,1422, 15/1000
California,458809,44871,27.1,10,173820,22.5,25,18.1,"477,544",54760.63,D,0.68,71063.4,36.2,23-Suburb: Small,477544, 28/1000
Kentucky,38616,39269,22.4,5.7,17382,16.6,31.1,20,"37,685",60022.09,R,0.85,71612.19,24.2,33-Town: Remote,37685, 27/1000
Washington,20940,39895,18.6,6.4,6916,19.3,27.7,21.2,"24,113",63035.82,D,0.93,77055.33,24.8,33-Town: Remote,24113, 13/1000
Wisconsin,15239,45891,14.6,5.1,6535,27,29.1,20.4,"17,036",63559.5,D,0.88,72123.95,21.3,43-Rural: Remote,17036, 24/1000
Arkansas,20771,36407,21.3,9.9,7905,20.4,27.5,16.8,"18,354",57424.22,R,0.88,60000.25,32.4,43-Rural: Remote,18354, 31/1000
Maryland,72591,42771,16.8,9,28738,20.9,29.9,23.4,"46,694",61645.5,D,0.90,69914.07,22.9,42-Rural: Distant,46694, 12/1000
Nebraska,8045,46839,16.3,4,3954,18.6,33.5,16.8,"7,705",65255.82,R,0.93,74485.5,29.1,43-Rural: Remote,7705,  8/1000
Idaho,23472,48162,14.7,4.3,9889,14.8,27.1,14.1,"25,655",60098.07,R,0.88,67857.36,18.2,33-Town: Remote,25655, 16/1000
Maryland,905161,78607,9.3,7.3,476889,36.9,38.7,20.6,"946,971",100715.2,D,0.85,86111.53,12.8,21-Suburb: Large,946971, 26/1000
California,17658,51385,15.1,10,7009,30.9,30.5,32.7,"17,020",61921.72,D,0.68,76571.78,17.5,43-Rural: Remote,17020, 19/1000
Iowa,9661,47419,13.8,3.9,4894,16.7,31.4,16.7,"9,176",72551.42,R,0.88,66633.82,18.5,43-Rural: Remote,9176, 19/1000
Indiana,27832,53038,11,3,13703,21.3,27.3,15.9,"3,930",79356.2,R,0.95,66502.84,15.5,43-Rural: Remote,3930, 11/1000
Wisconsin,117582,54127,14.4,4.6,62589,18,36.6,19.9,"120,294",81392.39,D,0.88,77765.15,11.9,13-City: Small,120294, 29/1000
Illinois,56823,51969,11.1,6,26553,19.4,26.3,19,"54,658",69989.49,D,0.80,68201.58,15.4,32-Town: Distant,54658, 18/1000
California,1123678,88456,9.8,6.9,535401,37.1,43,18,"1,156,966",117607.52,D,0.68,118776.18,12.4,21-Suburb: Large,1156966, 29/1000
Kansas,6227,41648,12.4,3.9,2773,22.8,28.4,19.5,"5,939",59731.5,R,0.80,65490.61,15.7,43-Rural: Remote,5939, 17/1000
Georgia,3027,45273,11.5,3.3,1307,31.3,32.4,10.9,"2,939",70410.49,D,0.83,61064.36,9.2,43-Rural: Remote,2939,  7/1000
Idaho,7667,47602,11.6,10.2,2993,18.2,25.5,13.3,"8,068",61492.5,R,0.88,68122.21,18.7,32-Town: Distant,8068, 14/1000
Georgia,34883,68589,14.1,7.9,15250,30,37.6,17,"48,225",87323.34,D,0.83,82005.75,17,42-Rural: Distant,48225, 14/1000
Florida,141373,40574,17.4,9.9,45294,25.3,28.2,23.5,"162,529",56364.54,R,0.85,68253.03,30.6,23-Suburb: Small,162529, 14/1000
North Carolina,68699,51584,12.5,8,30098,23.2,35.1,20.3,"69,380",73341.05,D,0.88,75490.86,18,32-Town: Distant,69380, 15/1000
Wisconsin,18745,50276,11.4,3.4,8961,24.6,27.5,14.4,"19,220",71123.11,D,0.88,68048.17,15.9,42-Rural: Distant,19220, 11/1000
Texas,321184,65702,13.9,6.5,149076,28,41.1,17.6,"357,117",91664.76,R,0.75,72605.19,19.7,22-Suburb: Mid-size,357117, 27/1000
Georgia,211300,96445,6.5,4.2,103649,32.7,51.1,11.3,"267,237",122238.51,D,0.83,87814.02,7.7,21-Suburb: Large,267237,  7/1000
Nebraska,10616,54876,8.2,3.5,5305,16.2,24.5,8.9,"10,444",69273.79,R,0.93,71419.92,9.2,43-Rural: Remote,10444,  3/1000
Georgia,25625,39756,18.1,11.7,10114,20.9,28.4,20.4,"9,390",54051.1,R,0.75,62141,24.6,33-Town: Remote,9390, 19/1000
Minnesota,45237,52050,12.6,5.7,20287,22.7,31.7,19.9,"45,205",70709.3,D,0.93,65697.82,18.6,41-Rural: Fringe,45205, 10/1000
Ohio,59559,50370,13.6,5.4,28434,20.3,25.3,16.7,"58,667",68746,R,0.83,60023.13,19.2,32-Town: Distant,58667, 24/1000
Georgia,6752,39375,21,5.6,2663,26.1,23.2,24.1,"6,365",50714.94,D,0.83,61182.55,34.1,41-Rural: Fringe,6365,  9/1000
Indiana,27840,48362,13.9,6,13028,26.3,21.1,17.9,"27,536",66128.63,R,0.85,65260.55,19.2,42-Rural: Distant,27536, 22/1000
Nebraska,957,44946,9,1.6,502,24.5,42.8,13.7,849,69551.04,R,0.93,80031.04,5.2,43-Rural: Remote,849,  8/1000
Georgia,14037,36556,22.6,5.5,5631,31.1,27.8,16,"13,977",56501.1,D,0.83,60716,36.4,41-Rural: Fringe,13977, 20/1000
North Carolina,157844,44281,17.6,6,73906,23.6,33,17.4,"176,353",66801.2,D,0.88,68124.34,26.1,13-City: Small,176353, 25/1000
Colorado,24359,67472,10.7,3.1,14555,17.9,34.2,24.3,"25,007",97519.73,D,0.74,88074.91,11.5,43-Rural: Remote,25007, 16/1000
Colorado,54469,62533,9.6,4.4,29184,21.4,40.1,18.4,"56,607",93535.64,D,0.74,81391.73,9,32-Town: Distant,56607, 21/1000
Indiana,202924,52449,13.8,5.6,94516,19.4,25.5,14.2,"206,890",69381.61,R,0.85,71092.78,19.3,13-City: Small,206890, 22/1000
Tennessee,51024,55431,13.7,6.6,20363,23.4,27.4,19.8,"58,181",70669.25,R,0.85,65364.69,25,41-Rural: Fringe,58181, 18/1000
Utah,120288,53812,15.2,3.6,56905,17.3,37.9,15.6,"140,173",69871.41,R,0.73,69758.87,14.2,13-City: Small,140173, 11/1000
California,2885,44190,12.3,5.3,1149,29.6,30.2,18.3,"11,436",43435.77,D,0.68,62869.3,10.6,43-Rural: Remote,11436, 30/1000
Oklahoma,21140,57602,11.7,5.6,9313,17.4,26.3,14.8,"19,990",78111.69,R,0.72,76429.73,14.9,43-Rural: Remote,19990, 25/1000
Virginia,12022,88328,4.9,4.7,5908,24.6,50.1,11.7,"12,582",112442.59,D,0.94,85127.81,4.8,21-Suburb: Large,12582, 15/1000
Iowa,12140,50688,8.9,2.5,6269,19.6,30.4,15.6,"11,716",79921.98,R,0.88,66531.79,11.3,42-Rural: Distant,11716,  6/1000
Oklahoma,9843,49409,12.2,3.9,3982,23.1,24.2,22.9,"10,218",62842.78,R,0.72,69902.87,15.9,42-Rural: Distant,10218, 11/1000
Georgia,16339,28044,27.7,4.1,4823,22.5,24.5,19.2,"12,354",36270.58,D,0.83,58576.05,40.4,33-Town: Remote,12354, 14/1000
Florida,13197,37385,18,10,4052,25.3,27.8,16,"12,454",50057.77,R,0.85,71220.1,26.9,41-Rural: Fringe,12454, 13/1000
Georgia,102623,52393,14.2,6,46890,27.9,29.9,16.6,"112,816",67339.25,D,0.83,70937.07,19.1,41-Rural: Fringe,112816, 34/1000
Florida,16018,44647,14.9,5.4,5896,22.4,29.4,28,"15,314",56889.24,R,0.85,69397.43,19.6,41-Rural: Fringe,15314, 18/1000
Wyoming,97031,62879,10.4,5.3,47243,15.8,37.1,16.4,"100,723",82057.77,R,0.90,81932.74,12.1,42-Rural: Distant,100723, 32/1000
Oklahoma,3734,51286,18.4,3.4,1696,20.7,29.6,13.5,"3,320",63504.06,R,0.72,71827.48,29.1,43-Rural: Remote,3320, 18/1000
Arkansas,37097,39945,18.5,6,15305,18.9,29.6,17.1,"37,945",55982.55,R,0.88,58757.07,27.8,33-Town: Remote,37945, 26/1000
Illinois,287512,51110,15.3,10,132190,21.9,30.8,17.8,"10,617",70112.71,R,0.88,65633.26,23.4,43-Rural: Remote,10617,  4/1000
Iowa,25027,61316,9.1,2.9,13100,17.8,31.8,16.2,"25,681",82945.98,R,0.88,69562.27,14.9,32-Town: Distant,25681, 11/1000
Georgia,18363,42182,14.3,6.6,7796,30.2,24.8,17,"19,328",57068.94,D,0.83,62087.57,17.9,32-Town: Distant,19328, 28/1000
Kentucky,59901,37235,24.6,9.9,22550,20.1,25.4,15.6,"62,885",51713.01,R,0.85,59820.41,36.2,33-Town: Remote,62885, 14/1000
Michigan,11291,36773,14.2,5.7,4376,21.9,23.3,23.5,"6,224",58863.83,D,0.88,73991.07,23.7,43-Rural: Remote,6224, 19/1000
Alaska,17957,53853,27,19.3,6075,7.4,36.2,19.7,"18,257",55433.2,R,0.88,94170.88,33.2,43-Rural: Remote,18257, 20/1000
Kentucky,12349,34647,24.1,5.4,4615,28.5,21.1,15.9,"7,051",69766.67,R,0.92,70855.88,29.8,43-Rural: Remote,7051, 23/1000
Michigan,2136,41118,14.5,5.5,856,21.2,33.6,32,"2,180",65545.39,D,0.81,73114.98,23.2,43-Rural: Remote,2180, 14/1000
Kentucky,27548,24451,35.6,10.7,7555,20.6,27,21.9,"3,054",71927.11,R,0.93,78936.65,44.5,43-Rural: Remote,3054,0
North Dakota,3883,60824,4.3,1,2124,13.8,30.2,12.1,"3,795",83580.56,R,0.95,66365.89,3.7,43-Rural: Remote,3795,  5/1000
Virginia,31819,49677,13.4,5.6,14506,24.1,27.9,20.3,"31,589",72444.63,D,0.94,69236.05,20.6,22-Suburb: Mid-size,31589, 11/1000
Kansas,63360,47897,14,5,29785,17.5,31.4,19.1,"61,516",64453.87,R,0.80,64271.06,20.2,42-Rural: Distant,61516, 41/1000
Louisiana,10509,35254,26.4,15.7,3652,38.5,29.1,19.5,"10,822",53706.08,R,0.84,68967.14,38.2,42-Rural: Distant,10822, 16/1000
Montana,5755,55295,7.8,4.1,2621,26.5,36.4,17.6,"7,793",75929.68,R,0.92,75321.77,4,43-Rural: Remote,7793,  8/1000
Nebraska,684,41607,17.4,1,304,11.7,38.8,23,686,62893.09,R,0.93,80408.24,24.3,43-Rural: Remote,686,  3/1000
Texas,3702,26346,35.6,5.7,1083,29,17.8,38.4,"3,432",32870.75,R,0.75,64168.04,51.5,43-Rural: Remote,3432,  5/1000
Virginia,14817,54606,21.5,7.3,6235,19.6,47.2,23.1,"15,909",88563.75,D,0.94,82897.39,14,23-Suburb: Small,15909, 25/1000
Louisiana,251069,40391,23.4,7,105583,20.9,33.1,21.5,"26,198",59067.14,R,0.72,71560.55,35.7,42-Rural: Distant,26198, 24/1000
Texas,8650,52346,21.5,2.8,3671,28.3,34.8,14.4,"9,757",66193.31,R,0.75,68669.1,34.4,42-Rural: Distant,9757,  9/1000
North Carolina,57630,49357,15.8,8.3,24768,28.9,32,18.7,"65,737",74360.69,D,0.88,75342.41,18.5,42-Rural: Distant,65737, 19/1000
Alabama,40755,30065,31.9,13.7,14461,22.1,26.7,18.2,"6,191",53087.93,R,0.88,60233.5,49.5,43-Rural: Remote,6191, 38/1000
Maryland,619796,46641,22.4,10,277954,30.7,42.1,20.7,"569,931",64801.96,D,0.85,70955.47,32.9,11-City: Large,569931, 73/1000
Alabama,64927,38872,21.5,10,24280,29.2,26.3,17.7,"78,870",66666.68,R,0.75,64887.71,31.4,42-Rural: Distant,78870, 16/1000
Iowa,9110,50470,7.1,1.3,4819,15.3,33.3,19.6,"8,764",73005.28,R,0.88,64786.47,10.6,43-Rural: Remote,8764, 10/1000
North Dakota,4349,68594,10.6,3.5,2080,22.9,34.5,16.2,"4,015",110512.16,R,0.95,76159.35,7.6,43-Rural: Remote,4015, 11/1000
Nebraska,3569,45428,11.7,2,1792,19.4,35.3,14.3,"3,326",64604.81,R,0.93,72897.99,9.1,43-Rural: Remote,3326,0
Kansas,2107,42222,10.8,2.1,999,11.1,40.1,12.5,"5,717",81331.81,R,0.93,83869.01,10.7,42-Rural: Distant,5717,  8/1000
Georgia,11607,44897,17.4,9.6,4797,37.6,23.6,17.8,"11,725",65226.04,D,0.83,66745.77,23.6,42-Rural: Distant,11725, 16/1000
North Carolina,54032,32929,24.6,10.2,21693,22,24.1,20.4,"48,301",46212.3,D,0.88,68458.89,37,41-Rural: Fringe,48301, 36/1000
Idaho,82248,49118,14.4,4.3,38869,17.4,29.6,18.3,"93,696",64150.96,R,0.88,70944.01,17.7,33-Town: Remote,93696, 18/1000
Maryland,156021,93973,6.9,4.5,78635,43.9,42.2,17,"170,102",114600.98,D,0.85,95591.77,9.5,41-Rural: Fringe,170102, 19/1000
Ohio,41328,52661,12.4,5.8,19437,26.5,29,18.9,"40,596",73015.55,R,0.83,63553.62,16.6,42-Rural: Distant,40596,  9/1000
West Virginia,35523,40483,17.8,6.8,13947,25.2,33.1,21.4,"32,435",52678.23,R,0.90,76639.9,24.2,41-Rural: Fringe,32435, 15/1000
Ohio,77125,45792,18.2,7.6,30592,25.7,29.5,19.1,"76,606",64898.49,R,0.83,63477.22,25.3,42-Rural: Distant,76606, 43/1000
Minnesota,9433,56753,11,1.9,4779,19.2,35.3,15.9,"1,245",71282.27,R,0.93,80476.15,12.6,43-Rural: Remote,1245,0
Illinois,15794,55649,11.4,6.5,7327,26.7,29.9,14.1,"8,333",100491.36,R,0.95,68585.09,18,42-Rural: Distant,8333,  9/1000
Illinois,7181,47321,21.5,6.9,2919,24.1,27.9,21.8,"4,002",53294.32,R,0.83,68115.48,17.7,43-Rural: Remote,4002,  9/1000
Maryland,102014,54493,15.9,7.6,49785,21.2,32.7,20.8,"104,664",71676.56,D,0.85,71789.79,20.8,13-City: Small,104664, 34/1000
Texas,10484,50120,13,7.6,4679,18.5,22.9,17.1,"9,606",62225.66,R,0.75,61566.27,14.7,41-Rural: Fringe,9606, 16/1000
Illinois,14711,53979,12.1,3,6993,22.3,29,14.2,"14,323",73574.14,D,0.80,69166.41,17.8,42-Rural: Distant,14323,  1/1000
Oklahoma,13899,37106,19.8,6.6,4664,25.3,28.9,19.8,"14,262",48132.47,R,0.72,69977.17,26.8,43-Rural: Remote,14262, 15/1000
Arkansas,10994,36310,26.4,9.4,4112,22,25.9,16.6,"10,135",54462.85,R,0.88,59658.48,42.2,33-Town: Remote,10135, 20/1000
South Carolina,27505,33921,26.6,14.6,9731,25.2,23.2,17.5,"26,039",44144.28,R,0.87,56527.09,39.1,32-Town: Distant,26039, 49/1000
Pennsylvania,46452,46286,13.5,4.2,20884,24.1,25.2,19.4,"45,988",60027.22,D,0.84,67227.24,21.4,32-Town: Distant,45988, 16/1000
North Carolina,122586,51164,14.1,7.8,48982,24.2,29,21.5,"15,921",52272.63,D,0.94,65838.28,23.7,41-Rural: Fringe,15921,  7/1000
Kansas,4251,47121,14.5,3.7,2032,19.3,35.2,18.4,"3,993",66503.41,R,0.80,65464.66,19.7,43-Rural: Remote,3993, 13/1000
Nebraska,21632,52223,9.1,3.2,11118,19.8,33.3,15.4,"21,583",74818.66,R,0.93,73732.06,10.5,42-Rural: Distant,21583, 24/1000
Texas,125963,70608,9.2,5.5,58626,31.7,38.3,14,"165,834",92519.08,R,0.75,77769.8,12.7,41-Rural: Fringe,165834, 11/1000
Georgia,5410,32860,26.8,8.2,2104,25.4,21.3,14.2,"41,440",86134.27,D,0.94,79043.45,37.2,31-Town: Fringe,41440, 15/1000
Florida,14238,36209,26.6,12.7,3849,23.4,28.3,27.7,"2,430",53665.01,R,0.80,65518.4,35.5,43-Rural: Remote,2430,  3/1000
New York,49322,57153,11.2,6.5,23012,23,34.9,20.1,"41,106",62788.36,D,0.84,68170.79,15.2,42-Rural: Distant,41106, 11/1000
Ohio,98622,43017,19.8,7.4,40003,25.9,26.1,18.4,"97,014",59115.4,R,0.83,61441.97,30.7,41-Rural: Fringe,97014,  8/1000
Georgia,44909,41336,19.5,9.3,18686,20.5,35.2,18.6,671,83429.62,R,0.93,81102.08,25.3,43-Rural: Remote,671,0
Colorado,4505,41330,15.7,8.7,1389,27.1,30.1,24.2,"5,335",65132.6,D,0.74,69594.86,25.9,43-Rural: Remote,5335, 21/1000
Minnesota,6589,53034,12,3.3,3144,21.1,34.1,18.2,"6,377",72255.7,D,0.93,65625.71,19.4,43-Rural: Remote,6377,0
California,864263,96265,11.7,5.4,504914,32.8,55,16.5,"808,437",135125.17,D,0.68,142391.32,11.4,11-City: Large,808437, 68/1000
Virginia,16117,79131,10.3,6,8326,37.3,36.7,15.4,"16,703",92252.11,D,0.94,103719.43,16.5,21-Suburb: Large,16703, 11/1000
Oklahoma,11132,35414,20.3,7.9,4237,27,29.5,18.1,"10,769",49416,R,0.72,69739.16,28.7,43-Rural: Remote,10769, 11/1000
Alabama,14995,34679,26.1,11.7,5252,29.9,27.6,18.3,"14,595",55991.8,R,0.81,65660.72,37.7,42-Rural: Distant,14595, 17/1000
Michigan,59607,57312,9.3,6.2,27877,28.4,29,16.4,"34,926",55388.02,R,0.83,60055.84,12.4,32-Town: Distant,34926, 28/1000
West Virginia,8570,44437,14.9,6.5,2843,31.6,25.4,18.5,"7,698",63626.25,R,0.90,75977.78,13.6,43-Rural: Remote,7698, 13/1000
Washington,59862,52630,14.4,6,26496,15.6,36,20.6,"61,890",74423.33,D,0.93,76808.77,17.5,13-City: Small,61890, 34/1000
Arkansas,49278,38558,23.5,8.4,20282,19.9,29.4,18.4,"8,981",60916.46,R,0.85,67107.59,37,33-Town: Remote,8981, 11/1000
North Carolina,72315,39071,17.6,5.1,30352,24.5,30.2,16.7,"6,527",74658.47,D,0.94,68823.24,24.8,42-Rural: Distant,6527, 11/1000
Illinois,931826,84442,6.8,5.2,486850,29.3,45.5,13,"920,901",117059.2,D,0.80,95134.66,9,21-Suburb: Large,920901, 14/1000
Iowa,17236,56110,11.8,3.8,8479,22.7,28.6,17.8,"16,903",72986.8,R,0.88,63997.22,19.9,41-Rural: Fringe,16903, 14/1000
Texas,24479,41768,16,5.5,9527,27.2,28.9,17.8,"25,628",61966.9,R,0.75,62290.95,25.5,41-Rural: Fringe,25628, 20/1000
Alabama,21745,26036,33.7,21.6,6154,24.7,28.7,18.5,"6,564",51970.75,R,0.88,59040.92,43.5,41-Rural: Fringe,6564, 36/1000
Idaho,22839,48447,15.5,6.1,9679,19.1,23.8,18,"26,956",63818.27,R,0.88,72153.78,18.1,32-Town: Distant,26956, 11/1000
California,374985,80488,8.2,5.6,170791,27.3,44,16.6,"417,772",111357.23,D,0.68,102424.41,8.3,31-Town: Fringe,417772, 19/1000
Minnesota,6398,52917,9.9,1.4,3286,18.5,37.6,14.7,"6,350",76825.07,D,0.93,65993.67,9.9,32-Town: Distant,6350, 14/1000
Colorado,9257,68534,6.8,3.2,5248,30.3,37.5,17.8,"9,355",102842.79,D,0.74,82771.12,7.7,42-Rural: Distant,9355, 23/1000
Virginia,18089,53681,11.7,4.3,7887,31,29.4,20.4,"17,932",74101.93,D,0.94,69380.67,15.7,41-Rural: Fringe,17932, 12/1000
Pennsylvania,52880,46487,13.6,7.6,22971,22.1,28.9,19.7,"49,777",63474.28,D,0.84,61654.51,20.9,33-Town: Remote,49777, 14/1000
Iowa,18428,51456,10.7,4.6,9622,17.1,32.4,18.3,"18,467",76504.7,R,0.88,65630.84,11.7,43-Rural: Remote,18467, 20/1000
Missouri,15566,38829,20.8,7.3,5930,25.6,28,21.5,"14,467",54957.79,R,0.83,65067.46,27.8,33-Town: Remote,14467, 18/1000
Nevada,43296,44225,17.3,11.4,14551,24.4,24.3,23.2,"54,738",58187.15,D,0.81,65526.69,26.7,43-Rural: Remote,54738, 18/1000
Washington,73439,48002,17.1,8.8,28027,21.2,30.2,23.3,"77,805",70764.74,D,0.93,74550.62,29.1,33-Town: Remote,77805, 28/1000
Ohio,38311,55295,11,5,18654,20.3,25.9,16.1,"38,187",72507.27,R,0.83,62097.74,16.4,42-Rural: Distant,38187, 14/1000
South Carolina,165707,47713,16.7,9,70753,24.9,34,16.9,"174,150",64666.43,R,0.87,61225.61,26.6,41-Rural: Fringe,174150, 40/1000
Kentucky,8697,50998,15.2,10.5,3856,28.7,24.7,16.7,"8,539",62425.89,R,0.85,68873.61,25.1,42-Rural: Distant,8539,  2/1000
Wisconsin,20378,60320,9.2,3.5,10520,23,31.2,12.5,"20,623",83004.51,D,0.88,74519,11.1,32-Town: Distant,20623,  8/1000
Texas,50761,48698,13.8,6,21475,20,30.3,24.1,"53,741",67776.68,R,0.75,63563.34,23.3,33-Town: Remote,53741, 20/1000
Alaska,57961,65279,11,8.6,25564,20,32.9,18.4,"60,690",90893.62,R,0.88,85686.17,14.4,33-Town: Remote,60690, 16/1000
Alabama,13084,21663,36,13.4,4353,26.1,25.5,26.9,"28,877",52183.3,D,0.83,61050.24,47.4,32-Town: Distant,28877, 56/1000
North Dakota,3817,65505,8.6,1.3,1927,12.5,39.4,10.8,"3,597",83499.44,R,0.95,66111.74,12.7,43-Rural: Remote,3597,  9/1000
Florida,325168,47343,17.8,6.6,146390,32.2,24.8,25.9,"6,036",71194.98,R,0.88,65100.93,26.7,33-Town: Remote,6036, 11/1000
Alaska,4974,58708,16.6,11.4,1989,8.6,42.8,13.9,"4,723",57301,R,0.88,84669.68,24.2,43-Rural: Remote,4723, 24/1000
Wisconsin,51651,54071,11,3.8,26033,23.2,26.6,18.7,"51,488",74928.52,D,0.88,68886.81,17.3,32-Town: Distant,51488, 22/1000
Tennessee,14654,51312,14.4,7.8,5947,32.4,30.3,18.2,"16,909",60990.39,R,0.85,63728.2,19.9,41-Rural: Fringe,16909, 25/1000
Alaska,298225,82271,8.1,5.8,152751,18.9,40,17.4,"287,145",104803,R,0.88,90532.51,11.5,31-Town: Fringe,287145, 64/1000
Arkansas,40022,41106,20.1,8.3,15544,19,33.4,13.4,"6,952",62174.32,R,0.85,71808.88,30.1,42-Rural: Distant,6952,  1/1000
Indiana,81024,57331,12.4,5,39722,19.6,40.7,14.4,"83,540",79837.78,R,0.85,75883.49,18.2,13-City: Small,83540, 31/1000
Iowa,20575,60788,8,2,11957,17.9,36.4,16.4,"19,974",84009.77,R,0.88,66788.16,7.9,33-Town: Remote,19974,  6/1000
Minnesota,13626,45018,15,5.8,6060,21,23.9,18.1,"14,307",59177.01,D,0.93,62631.13,17.4,41-Rural: Fringe,14307,  3/1000
Florida,197591,59955,11.5,6.1,85823,23.6,35.5,22.4,"216,482",78856.13,R,0.85,76581.05,16.6,32-Town: Distant,216482, 26/1000
Illinois,5551,52284,14,4.8,2583,24.7,35.5,16.9,"5,345",69745.11,D,0.80,73557.64,25.6,42-Rural: Distant,5345,  8/1000
Texas,1420,64886,11.6,0,669,20.6,45.3,9.6,"1,164",80031.85,R,0.75,65834.01,6.1,43-Rural: Remote,1164, 15/1000
Idaho,5942,50603,14.5,3.7,2523,23,23.1,20.2,"6,722",68784,R,0.88,68051.43,21.6,43-Rural: Remote,6722, 13/1000
Texas,7891,44643,15.9,4.2,3289,16.1,24.7,14.4,"7,298",62948.54,R,0.75,63152.66,22.7,43-Rural: Remote,7298, 23/1000
Georgia,17190,35539,24.2,5.8,6902,25.6,24.8,16.8,"17,404",48908.75,D,0.83,60623.03,30.1,41-Rural: Fringe,17404, 33/1000
Missouri,22744,41370,22.6,4.7,11535,16.1,29.9,25.1,"20,670",64310.11,R,0.83,66600.73,24.1,33-Town: Remote,20670, 14/1000
Mississippi,21993,39351,22.8,8.9,9077,23.9,25.7,10.1,"21,431",49723.02,R,0.84,60180.58,34,41-Rural: Fringe,21431,0
Iowa,95888,52671,22,4.4,51305,17.7,46.7,17.3,"99,673",90880.27,R,0.88,74376.38,9,42-Rural: Distant,99673, 17/1000
Iowa,20369,52784,13.7,4.9,10658,13.9,26.3,17.1,"20,600",71630.36,R,0.88,64226.83,21.5,33-Town: Remote,20600, 20/1000
New Hampshire,302479,85619,4.8,4.3,170757,30.2,43.6,13.4,"91,957",56187.92,D,0.88,62400.62,5.7,32-Town: Distant,91957, 30/1000
California,847834,81972,10.3,6.6,410179,26.6,37.8,17.1,"832,605",102284.2,D,0.68,105247.24,14.4,13-City: Small,832605, 22/1000
Alaska,2146,57900,11.1,11.7,1039,9.7,32.5,22,"2,287",69310.76,R,0.88,78684.55,24.6,43-Rural: Remote,2287,0
Washington,7568,41081,21.2,9.5,2465,22.2,37,16.7,"7,448",58375.06,D,0.93,64973.87,24.8,43-Rural: Remote,7448,  4/1000
Texas,17289,38834,25.2,6.1,5774,26.7,23,19.1,"17,049",53085.88,R,0.75,62576.94,37.7,42-Rural: Distant,17049,  8/1000
West Virginia,14345,41266,22.1,15.3,5320,30.2,28.5,18.1,"12,185",50830.97,R,0.90,74943.54,33.6,43-Rural: Remote,12185, 16/1000
South Carolina,281870,57482,12.8,6,136891,25.5,37,15,"304,797",76528.32,R,0.87,69201.39,18.7,21-Suburb: Large,304797, 27/1000
Minnesota,33552,55884,12.7,3.6,16143,22.4,32.8,17.7,"35,371",73830.84,D,0.93,66040.57,17.1,41-Rural: Fringe,35371,  9/1000
Pennsylvania,66737,47527,13,6.9,29713,29.7,28.3,19,"1,850",81611.11,R,0.75,73725.97,20.1,42-Rural: Distant,1850,  7/1000
Georgia,22645,38707,29.2,5.8,8671,26.4,28,18.1,"2,155",96550.4,R,0.95,67744.15,47.4,43-Rural: Remote,2155,  4/1000
Missouri,6688,43777,18.1,4.1,3037,21.5,31.5,19.6,"6,253",61496.61,R,0.83,65222.75,24,43-Rural: Remote,6253,  7/1000
Colorado,6498,35801,14.8,7.9,2408,20.8,31.8,23.2,"7,082",52459.52,D,0.74,68518.65,20,43-Rural: Remote,7082, 35/1000
Florida,356774,62407,12.8,5.3,150802,24.5,30.6,24.2,"397,994",84294.2,R,0.85,81649.08,22.8,21-Suburb: Large,397994, 14/1000
Tennessee,33776,36550,20.5,8.3,14098,20,31.3,18.2,"33,063",55245.29,R,0.85,57683.7,26.9,42-Rural: Distant,33063, 20/1000
Colorado,5793,72544,5.6,3.3,3399,36.6,44.4,23.1,"5,891",96091.41,D,0.74,90845.8,5.5,42-Rural: Distant,5891, 44/1000
Kentucky,26129,35944,25.7,6.4,10491,28.2,26,15.5,"15,343",51122.59,D,0.94,65993.9,37,43-Rural: Remote,15343, 12/1000
Alabama,26572,39293,22.5,8.9,10306,27.2,22.9,17.3,"26,783",52019.01,R,0.81,64943.29,37.6,43-Rural: Remote,26783, 26/1000
Texas,155744,59528,12.3,6.9,72576,22,23.4,15.7,"160,869",75431.67,R,0.75,72897.69,15.6,12-City: Mid-size,160869, 46/1000
Washington,11498,53606,13.3,6.2,4934,30.5,34.8,15.8,"12,460",76645.38,D,0.93,78099.81,18.4,42-Rural: Distant,12460,  6/1000
Indiana,42379,57307,10,2.9,21928,19.1,31.6,14.9,"43,632",76467.73,R,0.85,64080.14,11.8,32-Town: Distant,43632,  9/1000
New Mexico,72849,30336,37.5,16.1,23207,22.1,29.4,25.1,"69,830",40496.99,D,0.68,62525.68,45.7,33-Town: Remote,69830, 35/1000
Georgia,19141,39863,21,6.2,7555,27.1,30.9,16.9,"20,168",52182.27,D,0.83,60122.5,28.3,41-Rural: Fringe,20168, 23/1000
North Carolina,1034290,61695,13.4,6.8,537798,25.8,43.4,15.9,"30,508",59526.13,D,0.94,66143.59,18.4,42-Rural: Distant,30508, 16/1000
Montana,3646,49761,10.4,0.9,1621,22.1,32.9,11.8,"3,715",69727.65,R,0.92,74049.34,15.9,43-Rural: Remote,3715,  5/1000
Texas,7541,37883,22.2,5.9,2704,19.7,30.3,19.2,"6,881",48304.98,R,0.75,61937.92,30.8,42-Rural: Distant,6881, 35/1000
Washington,43726,53163,19.6,5.3,20901,21.3,33,22.4,"45,189",79299.72,D,0.93,74133.39,11.9,42-Rural: Distant,45189, 24/1000
Arizona,37700,48173,21.4,12.2,12412,20.9,28.3,21.1,"2,411",58240.55,R,0.80,66325.96,28.7,43-Rural: Remote,2411,  6/1000
Missouri,16405,45605,14.3,5.2,7261,30.1,27.1,20.1,"16,177",64823.53,R,0.83,69834.62,19.2,42-Rural: Distant,16177, 24/1000
South Dakota,6496,56233,15.9,4.9,3307,19.8,33.8,16.8,"6,349",79100.52,R,0.92,68234.91,23.4,42-Rural: Distant,6349, 14/1000
Texas,17346,54565,12.8,4.6,6772,16.6,23.7,17.4,"16,686",69259.41,R,0.75,64766.27,17.2,42-Rural: Distant,16686, 23/1000
Alabama,353213,61318,13.6,6.5,169756,21.3,46.3,15.2,"13,661",65173.68,R,0.75,63503.32,20,42-Rural: Distant,13661, 24/1000
Michigan,172707,46077,18.5,8.9,73192,21.2,28,19.7,"176,565",62467.99,D,0.81,67131.36,26.6,13-City: Small,176565, 34/1000
South Carolina,310186,46475,17,7.1,138429,22,27.6,25.8,"383,101",62654.87,R,0.87,64484.49,29.4,22-Suburb: Mid-size,383101, 43/1000
California,1203,63438,19.8,14.6,374,21.9,38.2,21.9,"1,190",97334.89,D,0.68,85777.76,17.3,42-Rural: Distant,1190, 34/1000
Missouri,12347,40791,19.9,5.1,4995,32.6,24.4,17.5,"10,518",58146.08,R,0.83,71995.18,29.2,42-Rural: Distant,10518, 19/1000
Oklahoma,14563,40465,17.9,5.5,5783,21.3,27.8,21.4,"4,847",80900.55,D,0.94,68385.11,24.5,42-Rural: Distant,4847,  6/1000
Texas,18166,46351,16.5,4.5,8248,15.3,31.5,17.8,"17,962",68161.74,R,0.75,61391.95,25.9,33-Town: Remote,17962, 14/1000
Washington,13066,49184,16.6,8,4401,29.2,33.9,18,"14,179",61762.56,D,0.93,70299.28,18.5,43-Rural: Remote,14179, 22/1000
Minnesota,537893,60301,15,5.5,278185,23.9,43.6,17.6,"11,515",86567.59,R,0.95,64780.33,22.3,33-Town: Remote,11515, 31/1000
Indiana,61581,66080,7.7,3.4,31003,23.6,39.3,14.4,"65,185",90004.38,R,0.85,78267.57,10.1,42-Rural: Distant,65185, 15/1000
Texas,358484,53317,16.7,5.9,165116,19.6,29.4,21.3,"351,674",70002.84,R,0.75,69446.24,23.8,11-City: Large,351674, 46/1000
Washington,47794,41574,27.5,8.5,22218,15.3,48.2,18.8,"47,619",73667.58,D,0.93,68633.85,14.7,43-Rural: Remote,47619, 22/1000
Indiana,158170,74245,5.1,4.5,81408,27,40.4,14.5,"182,534",96064.71,R,0.85,84968.81,5.9,21-Suburb: Large,182534, 13/1000
Virginia,17048,46610,16.6,8.4,6543,35.5,27.8,22.8,"16,982",60623.81,D,0.94,71603.73,21.4,43-Rural: Remote,16982, 10/1000
Iowa,17000,59889,8.1,3,9177,15.7,36.1,14.6,"18,028",81017.6,R,0.88,66982.01,9.2,42-Rural: Distant,18028, 12/1000
Mississippi,149645,61605,8.5,4.5,71953,25.4,40.1,15.1,"158,979",79464.02,R,0.84,72347.02,9.2,21-Suburb: Large,158979,  8/1000
California,10105722,61015,17,7.8,4805817,30.9,36.4,19,"9,721,138",78729.84,D,0.68,97766.39,24,21-Suburb: Large,9721138, 32/1000
Indiana,78720,57190,11.2,4.6,38265,19.7,28.6,13.3,"80,826",72224.89,R,0.85,66799.19,16.1,42-Rural: Distant,80826, 15/1000
New Hampshire,89280,61036,10.9,4,45847,22,41.9,19.1,"91,126",86340.67,D,0.95,73295.66,14.5,33-Town: Remote,91126, 17/1000
Kentucky,15690,30503,32.6,13.6,4707,29.3,31.2,21.5,"13,874",41134.65,R,0.85,61684.34,48.2,43-Rural: Remote,13874,  2/1000
Iowa,4986,50642,10.9,5,2134,20.3,32.6,18.5,"4,670",66911.06,R,0.88,65165.51,8.6,43-Rural: Remote,4670,  7/1000
Utah,1106700,67922,10.4,4.3,564689,22.1,38.8,14.8,"1,186,257",89468.38,R,0.73,80188.94,13.1,21-Suburb: Large,1186257, 49/1000
Colorado,29722,73538,10.3,3.3,19358,16.4,27.8,29.2,"30,565",92208.98,D,0.74,96166.38,15.3,41-Rural: Fringe,30565, 25/1000
Texas,18947,51543,18,5,8619,13.1,27.7,12.8,"18,377",57188.05,R,0.75,63620.89,26.8,43-Rural: Remote,18377, 28/1000
Michigan,38023,44030,17.1,9,14986,16.8,29.1,27,"12,284",73901.7,D,0.93,64808.67,24.4,33-Town: Remote,12284, 13/1000
Georgia,14654,43938,17.6,5.8,6390,28.5,30.4,13.6,"15,469",61187.54,D,0.83,65147.57,30.6,42-Rural: Distant,15469, 22/1000
Minnesota,63505,53121,9.6,3.5,30124,21.4,32.9,20.3,"67,948",72080.11,D,0.93,64551.53,11.1,43-Rural: Remote,67948, 25/1000
Tennessee,8773,41776,13.3,8.2,3834,29.2,25.2,20.9,"12,111",60821.99,R,0.85,69027.51,14.8,42-Rural: Distant,12111, 20/1000
Arkansas,62119,43504,16.6,6.2,25751,22.4,29.7,16.4,"12,140",61324.11,D,0.83,63206.87,24.3,42-Rural: Distant,12140, 23/1000
Texas,6739,53832,13.5,2,2445,17.4,30.3,22.3,"6,262",69988.46,R,0.75,62538.12,26.1,41-Rural: Fringe,6262, 10/1000
Texas,17577,70753,11.9,4.5,8054,19.8,21.3,13,"18,334",86046.99,R,0.75,68704.06,15.5,32-Town: Distant,18334, 27/1000
Montana,5812,39577,20.3,3.5,2490,17.2,39,19.2,"5,898",55164.18,R,0.92,70883,26.7,43-Rural: Remote,5898, 16/1000
Michigan,6072,36073,15.5,10,2021,24.6,26.3,25.1,"5,863",55544.1,D,0.81,71013.5,24.7,43-Rural: Remote,5863, 10/1000
New Mexico,8447,26663,21.6,4,3015,15.5,33.8,21.7,"8,546",47490.7,D,0.68,63334.07,37.2,43-Rural: Remote,8546, 22/1000
Maine,107317,49538,14.3,5.2,53532,24.2,33.2,19.3,"113,023",69864.22,D,0.95,72406.12,19.8,41-Rural: Fringe,113023, 18/1000
North Carolina,66523,38573,19.6,8.7,25992,25.8,28.9,17.7,"64,963",55196.01,D,0.88,64234.12,27.3,32-Town: Distant,64963, 29/1000
California,141005,79637,8.2,5.4,71110,24.1,36.3,21.2,"134,300",104746.52,D,0.68,112511.8,9,23-Suburb: Small,134300, 23/1000
Georgia,27027,43645,18.7,8.6,11282,22.7,29,17.9,"28,562",61644.48,D,0.83,66974.32,26.3,41-Rural: Fringe,28562, 31/1000
Georgia,23005,33194,31.2,14.8,8481,18.8,28.7,20,"19,708",44136.06,D,0.83,59756.19,40.6,41-Rural: Fringe,19708, 47/1000
Texas,5785,44922,18,8.1,2419,19.1,31.1,14.3,"5,724",57602.89,R,0.75,65508.76,26.9,42-Rural: Distant,5724, 12/1000
Nevada,3891,63607,7.7,4.2,1768,26.7,30.3,23.4,"4,170",76641.27,D,0.81,74311.91,16.4,41-Rural: Fringe,4170, 28/1000
Colorado,12084,41740,18.3,8.4,5372,13.8,32.9,19,"11,854",50958.3,D,0.74,64609.17,23.5,43-Rural: Remote,11854, 15/1000
South Dakota,6783,48862,15,2.6,3208,15.8,32.7,25.4,"7,370",64658.21,R,0.92,73246,24.5,43-Rural: Remote,7370,  7/1000
Alaska,3338,66607,16.7,2.4,2405,5.1,16.3,13.6,"3,398",79776.17,R,0.88,76653.78,20,43-Rural: Remote,3398,0
South Carolina,14842,32330,24.5,6.5,5592,24.4,32.1,19.4,"12,908",53411.38,R,0.87,57945.38,40.7,41-Rural: Fringe,12908, 39/1000
Texas,20913,50241,12,2.9,9491,20.5,29.4,17.9,"20,754",64592.49,R,0.75,61798.2,15.3,33-Town: Remote,20754, 13/1000
Georgia,10405,29493,27.5,8.7,3682,25.2,29.9,12.4,"10,574",43364.92,D,0.83,60911.01,42.3,32-Town: Distant,10574, 23/1000
North Dakota,21058,56088,11.1,1.5,11038,15,36.7,20.9,"21,487",78251.34,R,0.95,64020.96,18,43-Rural: Remote,21487, 29/1000
Tennessee,25945,34353,21.6,13.6,9313,26.9,27.9,14.9,"25,988",51199.6,R,0.85,59140.87,26.8,32-Town: Distant,25988, 25/1000
Georgia,52252,53687,12.7,8.2,21015,22.8,33,19.6,"11,088",77878.59,D,0.88,82143.26,20.2,41-Rural: Fringe,11088,  7/1000
Illinois,6791,56289,11.6,4.7,2418,16.6,27.4,17,"2,872",62786.3,R,0.93,80210.67,15.1,43-Rural: Remote,2872,  9/1000
Louisiana,22271,43964,17.5,8.3,9422,29.1,22.6,21.1,"20,151",59523.05,R,0.84,73108.38,25,43-Rural: Remote,20151, 18/1000
Georgia,16354,39297,20.3,5.7,6259,21.6,33.4,19.3,"17,206",54292.4,D,0.83,60714.05,30.6,41-Rural: Fringe,17206, 21/1000
Ohio,45778,59516,9,3.4,23229,19.6,29.8,14.5,"45,948",81172.66,R,0.83,62889.56,12.4,31-Town: Fringe,45948, 10/1000
Oklahoma,4904,52930,18.6,2.3,2086,21.7,30.4,16.6,"4,401",67149.29,R,0.72,72549.99,30,43-Rural: Remote,4401, 10/1000
Georgia,138015,67570,11.6,5.4,66983,31,34.7,15.8,"152,882",88840.99,D,0.83,77074.49,16.6,31-Town: Fringe,152882, 19/1000
South Carolina,32256,30976,28.2,9.8,11370,30,22.9,21.6,"30,058",48268.01,R,0.87,56143.3,41.4,42-Rural: Distant,30058, 39/1000
South Dakota,1390,60694,3.3,0.5,728,14.6,42.3,10.3,"1,471",72038.01,R,0.92,69166.77,0.9,43-Rural: Remote,1471,  1/1000
Texas,781321,80290,8.4,4.5,419189,28.9,46,13.9,"977,281",109886.81,R,0.75,78565.91,9.4,21-Suburb: Large,977281, 15/1000
Texas,20474,50960,16,6.5,7965,23.8,30.5,18.3,"19,772",72567.85,R,0.75,62502.6,20.2,43-Rural: Remote,19772, 23/1000
Georgia,39444,41617,18,7.4,16748,27.3,17,14.6,"8,060",78937.25,D,0.93,68019.77,26.6,43-Rural: Remote,8060, 12/1000
Texas,129100,73655,9.2,3.8,59833,30.6,39,14.7,"184,642",96273.16,R,0.75,75113.81,14.1,13-City: Small,184642, 14/1000
Vermont,160985,66906,11.3,4.1,90054,21.1,47.6,16,"169,301",101076.65,D,0.90,104536.56,12.2,22-Suburb: Mid-size,169301, 22/1000
Texas,53026,49270,15.8,5.7,20340,24.3,26.7,18.2,"14,186",59720.2,D,0.88,75006.38,23.1,42-Rural: Distant,14186, 12/1000
Missouri,9352,34746,23.3,9.6,3207,29.7,25.9,18.6,"8,630",49351.31,R,0.83,58600.36,37.2,43-Rural: Remote,8630, 10/1000
Colorado,40908,44865,17.8,8,17047,17.8,31.9,19.7,"43,811",64660.26,D,0.74,70902.58,28,43-Rural: Remote,43811, 25/1000
Michigan,15238,39947,18.5,9.6,5842,27.2,25.6,21.1,"15,089",54604.55,D,0.81,65153.99,29.2,42-Rural: Distant,15089, 11/1000
Colorado,1736,40352,14.1,0.4,797,19.2,26.3,24.3,"2,455",57438.59,D,0.74,68848.47,19.7,43-Rural: Remote,2455,  9/1000
Kentucky,7533,29043,34.4,5,1790,39,21.3,19.4,"7,293",39088.19,R,0.85,61016.38,45.5,43-Rural: Remote,7293,  1/1000
Louisiana,51906,46620,16.9,8.7,17386,21.6,30.7,19.2,"47,247",60951.37,R,0.84,69990.19,22.6,43-Rural: Remote,47247, 24/1000
Maryland,246105,88502,7.2,5.1,130387,35,46.1,15.5,"95,051",90785.8,D,0.94,83817.21,9.1,23-Suburb: Small,95051, 12/1000
Missouri,78013,49554,17.7,5.3,37488,19.6,34.4,20,"82,899",71568.75,R,0.83,75107.64,21.2,41-Rural: Fringe,82899, 29/1000
Michigan,24247,50823,14.9,6.4,10894,19.5,29.4,19.2,"25,644",64766.03,D,0.81,67591.4,23,42-Rural: Distant,25644, 23/1000
New York,155239,61315,12.4,7.3,73044,22.9,38.1,19.1,"160,093",87621.12,D,0.90,87444.75,19.7,41-Rural: Fringe,160093, 29/1000
Wisconsin,45358,49257,11.5,3.6,22255,19.6,28.9,16.2,"46,843",68349.65,D,0.88,73995.32,16.2,43-Rural: Remote,46843, 12/1000
North Carolina,58503,52089,14.3,6.6,25650,28.6,33.3,17.4,"61,903",69095.13,D,0.88,68164.23,18.4,32-Town: Distant,61903, 26/1000
Alaska,917,79500,7.1,6.8,508,9.4,30.5,18.5,865,100848.7,R,0.88,84918.3,11.6,43-Rural: Remote,865, 24/1000
Georgia,11173,41182,14.7,6.8,3955,19,30.3,24.8,"12,972",55090.25,D,0.83,62819.97,22.6,43-Rural: Remote,12972, 17/1000
Colorado,13056,53010,10.1,3.6,6373,22,27.7,16.9,"13,177",73597.76,D,0.74,68577.86,8.6,43-Rural: Remote,13177, 23/1000
Alabama,119157,47529,16.6,6.5,50611,24.1,30.3,16.2,"21,031",79032.75,D,0.83,69235.89,24.6,32-Town: Distant,21031,  8/1000
Texas,28109,45067,18.3,7.9,11724,23.5,24.3,20,"29,239",60378.4,R,0.75,62124.72,28.3,32-Town: Distant,29239, 27/1000
North Carolina,12803,45211,15.1,8.1,5015,28.4,29.3,17.6,"12,381",62674.38,D,0.88,74668.22,29.1,42-Rural: Distant,12381, 17/1000
Indiana,25599,60992,9.5,3.4,12454,23.6,31.7,17.6,"25,063",80211.55,R,0.85,72911.87,10.5,42-Rural: Distant,25063, 11/1000
Florida,404839,55236,10.5,5.7,160224,23.6,34.2,21.8,"462,286",80030.82,R,0.85,80502.8,16.7,21-Suburb: Large,462286, 20/1000
North Dakota,92372,67308,8.5,1.8,51229,17.2,39.6,16,"99,280",97655.27,R,0.95,81074.6,8.9,42-Rural: Distant,99280, 30/1000
Oregon,22938,57269,12.1,5.1,11263,17.4,35.6,15.1,"24,048",79189.85,D,0.87,89889.78,18.2,42-Rural: Distant,24048, 16/1000
Minnesota,3841,46943,7.4,3.8,2053,21,22,15.7,"3,871",66348.37,D,0.93,67347.16,8.2,43-Rural: Remote,3871,  2/1000
North Carolina,60875,46017,15.7,8,27689,25.7,28.8,21.2,"64,153",66397.66,D,0.88,63871.53,23.9,32-Town: Distant,64153, 21/1000
North Carolina,94125,46187,15.9,7.9,42367,21.9,31.2,16.2,"95,789",65243.5,D,0.88,66520.09,22.2,13-City: Small,95789, 25/1000
Georgia,35688,36962,24.8,4.6,13208,19.2,25.6,16.1,"35,614",50313.45,D,0.83,58976.85,39.9,41-Rural: Fringe,35614, 49/1000
Minnesota,98799,93095,4,2.4,55757,26.3,46.5,14.3,"110,034",123232.48,D,0.93,97038.83,3.3,21-Suburb: Large,110034,  9/1000
Michigan,68617,50967,13.1,7.1,30786,27.4,28,16.7,"68,022",68652.56,D,0.81,63562.74,19.2,42-Rural: Distant,68022, 16/1000
Washington,258903,68336,9.9,5.7,112032,30.3,38.9,18.8,"277,673",91497.39,D,0.93,88040.71,12.1,13-City: Small,277673, 28/1000
Michigan,410881,45231,20,10.8,166919,26,31.5,19.5,"57,535",80000.02,D,0.90,71480.37,29.9,32-Town: Distant,57535, 22/1000
Wisconsin,13566,45680,11.9,2.9,6571,19.2,26.7,18,"14,179",61428.84,D,0.88,74014.37,12.7,43-Rural: Remote,14179, 12/1000
Virginia,17582,50952,13.2,10.2,7587,21.7,36.4,16.6,"18,294",75411.13,D,0.94,79200.64,19.7,21-Suburb: Large,18294, 48/1000
Idaho,12490,39835,17.4,8.9,4970,19.4,26.1,23.7,"14,012",53007.84,R,0.88,67642.55,27.4,43-Rural: Remote,14012, 23/1000
California,14058,60595,9.9,3.6,7864,16.1,37,30.3,"12,978",73730.22,D,0.68,87315.58,12,43-Rural: Remote,12978, 15/1000
Illinois,134695,60874,8,5.1,63912,21.2,35.1,16.4,"39,821",54892.07,D,0.94,63585.68,9.9,32-Town: Distant,39821, 24/1000
New Mexico,2016,31439,22.7,6.6,675,10.3,32.9,16.9,"1,693",57046.35,D,0.68,69348.15,22.4,43-Rural: Remote,1693, 19/1000
Montana,10466,56988,9.9,4,5127,27.5,38.5,18.6,"14,542",74698.52,R,0.90,86607.6,10.9,43-Rural: Remote,14542, 24/1000
Mississippi,23439,38358,18.4,6.1,9392,24.4,23,15.5,"23,903",54612.77,R,0.84,59766.46,23.8,41-Rural: Fringe,23903,  5/1000
Indiana,36035,46666,16,7.8,15337,24.1,24.6,18.1,"35,674",62647.68,R,0.85,63757.09,24.9,32-Town: Distant,35674, 20/1000
Arkansas,21802,37982,20.2,8.1,8339,25.6,27.5,19.6,675,62893.09,R,0.93,81073.45,29.7,43-Rural: Remote,675,0
Texas,1983675,62532,13.5,5.4,974947,27,36.6,16.2,"2,154,595",82001.3,R,0.75,72592.42,19.4,21-Suburb: Large,2154595, 30/1000
Kansas,7576,57593,7.6,4.7,3648,22.1,32.6,14.4,"7,193",77058.16,R,0.80,71244.2,9.6,42-Rural: Distant,7193, 23/1000
Virginia,79237,41971,22.3,7.4,35605,17.4,37.9,22.4,"79,287",63529.73,D,0.94,70634.64,29.3,13-City: Small,79287, 27/1000
Georgia,18471,37089,24.7,7.7,6951,22,26,13.9,"18,428",51470.68,D,0.83,59779.96,31.8,43-Rural: Remote,18428, 42/1000
Minnesota,50992,53975,14.5,5.1,28578,17.9,35.1,18.7,"49,478",80798.89,D,0.93,69847.4,11.5,32-Town: Distant,49478, 21/1000
Minnesota,15537,56273,9.2,2.6,8329,17.1,27.8,13,"15,292",77623.95,D,0.93,62995.87,13.5,33-Town: Remote,15292, 11/1000
Virginia,41911,34951,21.5,10.1,16814,20.1,30.4,22.3,"42,229",48837.9,D,0.94,61227.46,31.1,32-Town: Distant,42229, 45/1000
Nebraska,20953,65015,9,2.2,11034,25.3,35.6,16.5,"23,118",85891.95,R,0.93,78308.06,14.4,41-Rural: Fringe,23118,  7/1000
Colorado,6338,34765,21,7.7,2465,18.8,30.5,13.5,"6,623",52875.38,D,0.74,67695.73,27.2,43-Rural: Remote,6623, 16/1000
California,31470,54083,14.6,7.5,9052,20.9,28.4,28.8,"29,904",68068.3,D,0.68,79986.83,20.7,33-Town: Remote,29904, 25/1000
South Carolina,21788,34035,27,10.1,8004,27.6,23.9,20,"20,414",52139.14,R,0.87,55049.87,42.8,42-Rural: Distant,20414, 43/1000
Colorado,674826,62535,11.1,6.8,304289,23,40.8,18.4,"740,567",84155.59,D,0.74,81770.59,14.2,42-Rural: Distant,740567, 31/1000
Louisiana,446167,51436,19.1,6.9,216397,23.6,38.1,18.7,"450,544",76136.07,R,0.84,74028.1,25.8,12-City: Mid-size,450544, 47/1000
Minnesota,344861,76796,6.6,4.2,187986,28.1,36.6,15.9,"368,864",97988.98,D,0.93,91445.61,9.3,41-Rural: Fringe,368864, 22/1000
Kentucky,17226,47906,18.2,8.9,7339,34,29.9,17.8,"17,589",65631.64,R,0.85,63354.19,26.6,32-Town: Distant,17589,  8/1000
New Jersey,63776,63934,14.2,8,29365,25.6,32.5,16.5,"65,117",89635.75,D,0.84,81946.68,26.2,21-Suburb: Large,65117, 19/1000
Virginia,32840,42260,19.8,5.4,13837,22,31.1,17.7,"33,191",59259.16,D,0.94,65524.01,31.8,42-Rural: Distant,33191, 17/1000
Iowa,39876,47524,15.3,5.6,19302,15.9,27.8,18.4,"38,293",68691.58,R,0.88,65297.47,23.8,33-Town: Remote,38293, 48/1000
Mississippi,37242,38919,19.6,8.6,14884,22.4,29.2,14.9,"34,204",54691.84,R,0.84,57904.5,24.1,33-Town: Remote,34204,0
New Mexico,546,35096,19.8,6.5,201,23,42.8,14.4,628,51084.6,D,0.68,69480.29,30.7,43-Rural: Remote,628,0
Texas,63247,59081,13,6,27736,32.1,29.6,15,"74,895",77097.18,R,0.75,74112.71,20.4,42-Rural: Distant,74895, 10/1000
Oklahoma,44673,44941,17.1,6.3,18265,20.9,29.1,18.9,"43,613",61718.41,R,0.72,70493.65,22.6,42-Rural: Distant,43613, 34/1000
Colorado,820,53056,12,4.1,399,12.3,44.6,19,775,66626.63,D,0.74,73190.49,18.9,43-Rural: Remote,775, 13/1000
Washington,771904,78020,8.8,5.4,390186,31.8,38.9,16.3,"840,079",104188.96,D,0.93,97752.84,11.1,12-City: Mid-size,840079, 28/1000
North Carolina,300865,56393,16.4,5.8,154374,22.9,49,17,"332,680",83442.97,D,0.88,78649.39,24.5,41-Rural: Fringe,332680, 36/1000
South Dakota,6972,52923,10.3,1.2,2897,19.6,40.5,18.2,"7,062",73161.36,R,0.92,69569.63,14.3,43-Rural: Remote,7062,0
Hawaii,164094,72762,10,4.9,83785,21.2,29,28.4,"164,351",92012.85,D,0.99,109523.28,11.8,43-Rural: Remote,164351, 39/1000
Georgia,8929,27197,30.7,6.3,3296,25.5,25.5,26.9,"8,689",40697.22,D,0.83,60193.62,45.6,32-Town: Distant,8689, 16/1000
Georgia,1844,30500,31,9.5,627,32.9,19.5,21.5,"1,600",47490.7,D,0.83,62080.77,49.5,43-Rural: Remote,1600, 20/1000
Kansas,20553,45706,17.8,4.7,9514,15.8,32.6,20.3,"19,757",59384.43,R,0.80,63370.59,26.7,33-Town: Remote,19757, 39/1000
North Dakota,70130,51410,17,3.8,38387,14.2,35.5,19.7,"72,413",84511.89,R,0.95,83376.21,15.2,13-City: Small,72413, 31/1000
Iowa,11745,62012,4.9,2.4,6004,16.2,37.7,15.6,"9,101",64950.86,R,0.85,66836.53,5.6,42-Rural: Distant,9101,  8/1000
Texas,8481,62500,12.3,7.5,3755,16.2,21.8,16.9,"7,451",75549.75,R,0.75,61869.05,14.6,43-Rural: Remote,7451, 17/1000
Maryland,32386,50532,15.4,8.3,15240,26.3,31.8,20,"32,726",70795.55,D,0.85,66106.81,25.7,32-Town: Distant,32726, 34/1000
Kentucky,64633,92237,5.6,3.5,30706,27.7,45.1,13.1,"1,752",76931.86,R,0.75,72533.78,7.2,43-Rural: Remote,1752,  6/1000
South Carolina,9694,40622,20.1,15.3,2720,26.6,24.2,22.5,"9,764",62168.16,R,0.87,57039.31,45.4,43-Rural: Remote,9764, 21/1000
Indiana,5911,58359,5,3.3,3041,31.3,24.9,23.3,"6,114",75048.66,R,0.85,70718.72,2.9,42-Rural: Distant,6114,0
California,150183,49742,20.9,9.7,53158,22.4,24.4,21.4,"152,981",61931.98,D,0.68,73178.67,28.7,32-Town: Distant,152981, 25/1000
California,225207,46516,20.5,9.1,93439,20.1,35.9,22.2,"2,684",54229.77,R,0.88,72780.58,21.5,43-Rural: Remote,2684,  1/1000
Florida,180117,50283,15.4,6.4,80334,22.8,32,22.2,"185,134",69290.22,R,0.85,72379.42,22.1,13-City: Small,185134, 40/1000
Michigan,9290,39152,15.1,12.7,2971,29,23.9,21.8,"9,569",51604.17,D,0.81,66106.92,23.5,43-Rural: Remote,9569,  4/1000
Michigan,864019,58175,11.8,6.6,414453,27.4,34.4,17.6,"874,195",79365.44,D,0.81,74762.01,17.6,21-Suburb: Large,874195, 20/1000
Florida,16323,35910,23.7,6.2,4798,26.7,25.9,17.3,"17,124",46576.83,R,0.85,65215.91,32.9,33-Town: Remote,17124, 24/1000
Virginia,23580,106870,7.8,4.1,12834,31.2,53,18.1,"24,835",145809.3,D,0.94,105520.51,6.2,21-Suburb: Large,24835, 18/1000
Missouri,4883,42939,16.7,4.6,2156,19.8,34.5,17.7,"4,643",64132.47,R,0.83,69651,25.5,43-Rural: Remote,4643, 12/1000
South Dakota,3303,50720,8.2,1.5,1697,13.3,39.7,13.4,"3,140",74958.3,R,0.92,68646.14,11.6,43-Rural: Remote,3140,  6/1000
Minnesota,46138,62431,10.8,4.2,23976,24.1,35.9,17.8,"48,013",89452.98,D,0.93,68842.58,15.8,41-Rural: Fringe,48013, 19/1000
Washington,212738,56419,15.3,6.8,102696,21,35.3,19.8,"230,677",83326.93,D,0.93,83566.61,14.1,41-Rural: Fringe,230677, 31/1000
Minnesota,14888,60848,8.5,4.5,7794,25.2,29.1,14.6,"14,955",78501.88,D,0.93,77165.81,12.4,42-Rural: Distant,14955,  7/1000
Virginia,5675,35546,19.9,5.6,2173,17.8,18.3,18.6,"5,679",59159.55,D,0.94,64026.44,31.7,32-Town: Distant,5679, 25/1000
Virginia,154710,93370,10.5,3.9,95344,31.8,58.5,16,"155,525",133892.98,D,0.94,101532.09,17.7,12-City: Mid-size,155525, 20/1000
Georgia,21063,35290,22.2,9,7684,26,33.6,15.7,"19,802",50540.38,D,0.83,59367.56,30.6,32-Town: Distant,19802, 43/1000
Minnesota,13966,50847,11.5,2.8,7091,18.8,32.7,15.4,"13,926",71686.84,D,0.93,66211.93,16.4,32-Town: Distant,13926, 10/1000
Oklahoma,5445,52571,11.7,3.9,2492,19.3,33.8,12.6,"5,016",58312.43,R,0.72,69571.81,16.4,43-Rural: Remote,5016,  9/1000
Michigan,45909,46160,17,6.1,19345,24.7,27.9,16.5,"45,762",61828.28,D,0.81,64478.91,25.2,32-Town: Distant,45762, 11/1000
Minnesota,20825,57093,11.3,2.8,10671,26.5,34.8,16.7,"5,553",83400.87,R,0.93,70154.52,17.9,43-Rural: Remote,5553,  3/1000
Iowa,15166,54868,10,2.1,7646,14.7,35.1,13.5,"14,475",69462.73,R,0.88,66742.37,14.1,43-Rural: Remote,14475,  6/1000
California,185015,74885,9.8,8.1,80373,29.1,41.4,19,"192,646",105534.1,D,0.68,96977.02,11.6,31-Town: Fringe,192646, 18/1000
South Carolina,20066,32147,18.4,9.7,7429,31.7,23.8,21.8,"18,113",45242.98,R,0.87,60740.86,24.6,43-Rural: Remote,18113, 37/1000
Kansas,22948,47535,18.8,7.3,10866,14.8,20.6,15.1,"17,692",90022.87,R,0.93,74952.63,27.2,43-Rural: Remote,17692,  5/1000
Virginia,16329,67423,10.9,3.7,8284,37.4,34.9,11.1,"18,492",77346.7,D,0.94,83492.96,24.8,42-Rural: Distant,18492,  6/1000
Kansas,4705,43489,11.7,2.6,2390,17.6,38.9,14.8,"4,642",67764.36,R,0.80,67156.1,19.1,43-Rural: Remote,4642, 12/1000
Florida,43814,40600,20.4,9.1,16629,25.9,24.5,25.9,"45,411",54550.13,R,0.85,63603.44,35.3,33-Town: Remote,45411, 20/1000
Utah,2307,52917,18,1.8,671,21.6,29.2,11.9,"2,628",63759.74,R,0.73,74447.46,20.5,43-Rural: Remote,2628, 13/1000
Kentucky,48486,45543,19.3,9.3,18235,21.6,36.3,17.9,"1,741",68027.23,R,0.93,81021.06,27.5,43-Rural: Remote,1741,0
Illinois,16176,55411,13.3,6.6,8112,21.9,29.5,17.8,"15,310",71244.27,D,0.80,73608.1,21.3,32-Town: Distant,15310,  2/1000
Minnesota,200294,50936,15.4,5.1,98224,19.8,35.6,21.1,"199,532",78970.11,D,0.93,77577.75,17.2,13-City: Small,199532, 33/1000
Oregon,102366,58392,13.7,6.6,45842,25.9,33,19.4,"108,226",77960.74,D,0.87,91955.66,19.5,32-Town: Distant,108226, 18/1000
Texas,48139,55194,14.6,6.1,20208,30.8,25.8,21.1,"50,864",62603.53,R,0.75,65127.51,22.5,32-Town: Distant,50864, 28/1000
Kentucky,12377,38248,20.1,6.9,4759,26.4,25.6,12.2,"12,404",57988.97,R,0.85,68356.52,25,42-Rural: Distant,12404, 10/1000
California,2355002,60807,15.6,9.9,978726,33.1,29.4,21.4,"2,473,902",79001.95,D,0.68,83185.1,21.3,12-City: Mid-size,2473902, 30/1000
Alabama,51073,49821,16.1,6,21639,21.7,31.6,17.3,"43,172",48596.6,D,0.83,58708.79,26.3,33-Town: Remote,43172, 21/1000
Colorado,17747,67755,7.1,4.3,11435,17.5,41.6,22.2,"16,876",99759.23,D,0.74,94933.28,5.9,33-Town: Remote,16876, 27/1000
Maryland,32785,52469,16.5,6.5,15674,32.1,27.6,21.5,"31,957",79105.65,D,0.94,84509.53,25.6,41-Rural: Fringe,31957, 12/1000
North Dakota,6651,58767,8.6,3.3,3283,18.7,36.8,20,"6,376",80951.88,R,0.95,64784.35,9,43-Rural: Remote,6376, 12/1000
Montana,1121,47132,10.8,1.6,563,18.6,41.6,17.6,919,70594.29,R,0.92,81244.72,9.1,43-Rural: Remote,919,  2/1000
Illinois,17034,54393,15.7,5.1,7483,24.5,24.5,18.5,"16,566",78328.34,D,0.80,74333.39,21.8,32-Town: Distant,16566, 11/1000
Oregon,66018,42531,18.7,9.1,26034,16.2,29,21.3,"70,212",56430.25,D,0.87,75848.91,24.7,43-Rural: Remote,70212, 13/1000
Indiana,110839,49921,16.6,8,47222,22.1,26.6,19.5,"111,675",69115.66,R,0.85,69601.94,28.7,13-City: Small,111675, 29/1000
Pennsylvania,7388,37106,14.1,5.4,751,26.9,24.5,22.6,"9,381",56322.43,D,0.88,72101.26,38.3,43-Rural: Remote,9381, 16/1000
Oklahoma,11550,51909,14.2,4.6,4933,21.6,31.6,15.2,"10,732",67818.78,R,0.72,73756.66,20.6,42-Rural: Distant,10732, 19/1000
Massachusetts,213900,68048,7.5,5.5,104246,23.3,37.9,21.2,"232,457",95838.81,D,0.90,106175.32,11.7,41-Rural: Fringe,232457, 18/1000
Indiana,34459,52749,10.1,4.9,17154,22,25.6,15.3,"34,725",72807.1,R,0.85,66949.51,15.6,41-Rural: Fringe,34725, 14/1000
California,1495400,60239,16.7,8.8,666790,26.9,38.4,19.6,"1,584,169",80903.63,D,0.68,87804.62,22.6,21-Suburb: Large,1584169, 30/1000
Louisiana,31405,40744,19.6,9.1,12173,30.8,27,19.3,"11,088",48967.28,R,0.84,60037.95,24.2,42-Rural: Distant,11088,0
New Hampshire,126552,67805,9.5,4.4,69103,26.7,38.1,17.8,"132,275",93520.23,D,0.95,78484.22,9.3,23-Suburb: Small,132275, 20/1000
Missouri,314867,38664,25,9.4,152079,24.1,40.6,22.5,"286,578",59185.23,R,0.83,66954.41,39.8,11-City: Large,286578, 89/1000
Montana,11218,39219,29.1,10.2,3835,14.1,29.3,25.3,"18,934",55202.17,D,0.68,67338.66,39.5,43-Rural: Remote,18934, 31/1000
Illinois,45960,53890,13.3,8.2,20963,27.6,31,17.3,"44,245",69202.94,D,0.80,75018.33,20.9,42-Rural: Distant,44245, 16/1000
Virginia,22440,53918,15.6,5,10267,23.5,34.3,16.8,"22,593",69682.47,D,0.94,68849.08,23.8,41-Rural: Fringe,22593, 13/1000
North Carolina,103374,49391,15.4,8.1,40286,21.6,33.1,20.4,"100,874",66244.66,D,0.88,78780.99,25.7,31-Town: Fringe,100874, 27/1000
Utah,52182,58835,10.2,5.5,22319,23.5,31.5,14.4,"61,498",71243.24,R,0.73,69418.63,13,43-Rural: Remote,61498, 19/1000
Virginia,31298,40544,17.4,6.3,12817,22,27.3,21.3,"29,449",53997.7,D,0.94,64915.81,23.8,32-Town: Distant,29449, 23/1000
Kansas,8328,58662,11.3,3.7,4136,19.9,30.9,18,"8,280",78354.02,R,0.80,66673.13,14.3,42-Rural: Distant,8280, 14/1000
New Mexico,50283,41941,22.5,7.8,20509,14.3,28.5,18.9,"23,598",63607.77,D,0.87,84613.07,34.2,43-Rural: Remote,23598,  6/1000
Mississippi,26915,28556,32.5,17.6,8371,18.8,28,20.1,"24,811",39091.27,R,0.84,57263.66,46.5,33-Town: Remote,24811,  1/1000
Florida,179144,44324,14.3,8.8,63962,29.6,29.6,19.9,"206,896",58703.64,R,0.85,73006.8,20.7,22-Suburb: Mid-size,206896, 19/1000
Alabama,58480,38988,20.9,9.7,22959,24.1,28.7,20.2,"6,639",59244.78,R,0.80,65343.21,29.2,43-Rural: Remote,6639, 21/1000
Minnesota,12776,47131,17.1,6.9,5832,16.2,27.1,19.5,"11,844",66320.64,D,0.93,65529.5,24.1,33-Town: Remote,11844,  5/1000
Texas,2224,43088,16.6,15,747,19.1,37.1,20.7,"1,726",62251.33,R,0.75,63237.45,19.3,43-Rural: Remote,1726, 22/1000
North Carolina,196716,60716,11.5,6.8,95894,27.8,37.4,16.9,"235,797",84125.8,D,0.88,74287.91,15.9,13-City: Small,235797, 17/1000
Kansas,2665,42772,12.6,4.8,1156,20.9,35.7,12.5,"2,548",58377.11,R,0.80,64823.96,18.1,43-Rural: Remote,2548,  5/1000
Iowa,220008,62702,9.5,3.8,117384,18.8,38.6,15.2,"9,796",64045.2,R,0.80,72169.54,11.4,43-Rural: Remote,9796, 12/1000
Alabama,19358,32308,25.9,14.5,7348,22.5,29.4,24,"11,765",44923.64,D,0.83,60932.13,39.3,32-Town: Distant,11765, 19/1000
Arizona,9368,56298,11.5,7.6,3675,17.8,24,16.4,"9,302",66232.34,D,0.68,66659.82,15.7,43-Rural: Remote,9302, 15/1000
Colorado,2357,49583,17,6.8,992,20.6,38.8,14.4,"2,295",64176.63,D,0.74,65701.9,24.6,43-Rural: Remote,2295,  3/1000
Ohio,93895,77104,6.5,3.5,47123,28.3,40.8,14.8,"95,469",103149.81,R,0.83,70131.83,8.8,31-Town: Fringe,95469,  7/1000
Georgia,23556,39655,23.5,7.6,8655,30.8,27.3,16.3,"26,649",55110.78,D,0.83,72124.12,31.6,41-Rural: Fringe,26649, 21/1000
Arizona,20477,36479,19.7,9.5,6474,12.9,26.4,26.8,"16,506",45610.59,D,0.68,77100.05,38.1,32-Town: Distant,16506, 38/1000
Texas,21456,44396,15.8,9.5,6746,35.7,23.6,21,"8,183",58589.67,R,0.90,73047.77,23.8,42-Rural: Distant,8183,  9/1000
New Jersey,272926,57514,15.3,10.9,127737,24.2,31,29.3,"275,638",80943.67,D,0.84,88433.46,24.4,41-Rural: Fringe,275638, 29/1000
Arizona,46358,39630,21.8,8.7,17421,23.5,25.6,20.8,"48,759",47991.8,D,0.68,62586.26,29.4,33-Town: Remote,48759, 16/1000
Massachusetts,469188,52205,17.2,8,215324,22.6,34.2,21.1,"461,041",74012.59,D,0.90,81111.54,26.7,12-City: Mid-size,461041, 33/1000
Wisconsin,16384,43565,17.7,6.2,7254,20.3,29.8,20.9,"18,559",62231.82,D,0.88,71816.85,32.8,43-Rural: Remote,18559, 16/1000
Montana,1610,51136,8.2,2.4,954,16.9,39.6,13.4,"1,725",63172.39,R,0.92,72572.19,6.6,43-Rural: Remote,1725,  5/1000
Oklahoma,33026,34250,23.6,5.7,12423,21.8,23.3,18.7,"30,931",48842.01,R,0.72,69868.46,32.2,42-Rural: Distant,30931, 36/1000
Kansas,28792,56946,7.6,2.5,15238,13.5,36.1,17.1,372,71022.48,R,0.93,80466.38,7.8,43-Rural: Remote,372,0
Illinois,67477,48600,15.2,6.9,28720,21.8,32.3,21.3,"66,695",68744.98,D,0.80,76462.93,21.9,42-Rural: Distant,66695, 24/1000
Louisiana,26290,31672,27.6,6.1,9422,23.2,24.7,18.6,"24,446",43686.31,R,0.84,64646.37,40.2,32-Town: Distant,24446, 59/1000
Georgia,25402,36355,23.7,4,7655,24.9,29.6,19.5,"24,064",53824.17,D,0.83,60441.56,38.3,42-Rural: Distant,24064, 17/1000
New York,104415,56200,20.4,4.8,50390,18.6,51.4,17.9,"104,777",88545.27,D,0.90,97221.49,16.7,42-Rural: Distant,104777, 25/1000
Tennessee,39713,56150,12.7,5.5,19170,32,32.3,16,"41,830",73929.42,R,0.85,75150.1,18,31-Town: Fringe,41830, 21/1000
Arkansas,121282,50316,16.3,5.1,57306,24,36,17.4,"127,665",72333.73,R,0.88,69253.98,16.6,13-City: Small,127665, 38/1000
Illinois,79207,44930,19.8,8.3,31973,19.8,26.9,20,"56,952",65086.39,R,0.84,67223.37,30.7,42-Rural: Distant,56952, 26/1000
Indiana,186081,50486,20.9,5.2,91869,17.7,39.2,17.7,"188,717",76715.2,R,0.85,74132.98,19.1,13-City: Small,188717, 26/1000
Idaho,10104,54015,10.4,4.3,4244,15.9,35,20.9,"4,073",76718.28,R,0.93,78192.13,3.2,43-Rural: Remote,4073,  9/1000
Missouri,4499,43981,12,4.2,2119,20.7,35,15.7,"4,262",61136.2,R,0.83,67039.92,12.3,43-Rural: Remote,4262, 17/1000
New Jersey,125717,110969,4.5,4.4,66382,33.9,51.7,12.9,"129,777",146943.94,D,0.84,97518.62,4.9,21-Suburb: Large,129777,  6/1000
Nebraska,720,48864,7.7,1.2,428,18.8,48.4,11,787,59775.65,R,0.93,80892.53,13.3,43-Rural: Remote,787,  1/1000
Missouri,18030,33846,24.1,9.4,6939,19.1,24,24.8,"15,695",48116.04,R,0.83,64419.64,36.2,33-Town: Remote,15695, 11/1000
Idaho,10776,55986,8.3,6.2,5607,27.9,35.1,24.1,"12,544",92334.25,R,0.88,76077.25,11.4,43-Rural: Remote,12544,  6/1000
Mississippi,30113,25210,40.3,12,9106,15.5,28.1,21,"26,570",37621.88,R,0.84,57309.13,54.5,41-Rural: Fringe,26570, 42/1000
Michigan,361509,65618,14.5,5.4,183919,23.7,52.6,15.7,"366,376",104837.91,D,0.81,84563.21,12.7,21-Suburb: Large,366376, 20/1000
Missouri,25763,44056,16.7,7.4,10622,21,26.8,20.5,"24,434",55012.21,R,0.83,65362.26,26.7,32-Town: Distant,24434, 22/1000
Texas,3575,52750,18,1.1,1398,20.9,27.4,12.3,"3,152",73601.87,R,0.75,62059.42,24,43-Rural: Remote,3152,  6/1000
Michigan,108586,59244,10.9,5.8,52647,22.3,34.2,16.5,"108,992",80828.66,D,0.81,70518.3,16.7,31-Town: Fringe,108992, 17/1000
Wyoming,14166,62776,8,5.8,6902,23.8,28,16.5,"13,786",84359.92,R,0.90,82025.31,8.1,42-Rural: Distant,13786, 15/1000
Virginia,49795,69693,8.9,5.9,23377,39.7,36.1,18,"54,381",92167.91,D,0.94,80994.51,10.3,32-Town: Distant,54381, 11/1000
Iowa,16231,58077,9.8,2.1,8623,22.5,30.3,18,"16,475",74935.71,R,0.88,66138.17,14.7,42-Rural: Distant,16475,  7/1000
South Carolina,490332,53739,13.5,5.5,233417,22.2,37.9,16.4,"547,950",77889.89,R,0.87,67982.82,19.3,21-Suburb: Large,547950, 31/1000
Wisconsin,27443,56494,8.4,4.6,13419,18.2,33.1,16.7,"30,526",76052.9,D,0.88,74157.74,9.3,43-Rural: Remote,30526,  7/1000
Louisiana,62607,40492,21.5,8.9,24982,27.6,27.6,16.9,"56,744",58169.7,R,0.84,66328.31,27.6,42-Rural: Distant,56744, 33/1000
Mississippi,8678,26188,40.5,21.1,2730,22.7,21.9,18,"7,333",35686.31,R,0.84,58413.26,56.1,33-Town: Remote,7333,0
Virginia,22353,40712,21.2,10,9503,24,25.4,20.3,"22,962",48128.36,D,0.94,75252.45,31.4,21-Suburb: Large,22962, 33/1000
Georgia,14061,43285,20.3,9.2,5716,29.1,23,17.9,"11,180",70091.15,D,0.83,65950.83,29.7,31-Town: Fringe,11180, 32/1000
South Carolina,297732,47575,15.6,6.2,135522,22.7,31.2,15.4,"345,831",65855.49,R,0.87,62812.59,23.6,41-Rural: Fringe,345831, 30/1000